-- phpMyAdmin SQL Dump
-- version 4.9.0.1
-- https://www.phpmyadmin.net/
--
-- Host: sql100.epizy.com
-- Waktu pembuatan: 15 Mar 2023 pada 08.36
-- Versi server: 10.4.17-MariaDB
-- Versi PHP: 7.2.22

SET SQL_MODE = "NO_AUTO_VALUE_ON_ZERO";
SET AUTOCOMMIT = 0;
START TRANSACTION;
SET time_zone = "+00:00";


/*!40101 SET @OLD_CHARACTER_SET_CLIENT=@@CHARACTER_SET_CLIENT */;
/*!40101 SET @OLD_CHARACTER_SET_RESULTS=@@CHARACTER_SET_RESULTS */;
/*!40101 SET @OLD_COLLATION_CONNECTION=@@COLLATION_CONNECTION */;
/*!40101 SET NAMES utf8mb4 */;

--
-- Database: `epiz_27828468_epemilu`
--

-- --------------------------------------------------------

--
-- Struktur dari tabel `login_detail`
--

CREATE TABLE `login_detail` (
  `id_detail` int(11) NOT NULL,
  `id_user` int(11) NOT NULL,
  `tgl_login` datetime NOT NULL
) ENGINE=MyISAM DEFAULT CHARSET=latin1;

-- --------------------------------------------------------

--
-- Struktur dari tabel `tbl_admin`
--

CREATE TABLE `tbl_admin` (
  `id_admin` int(11) NOT NULL,
  `nama` varchar(50) NOT NULL,
  `pass` text NOT NULL
) ENGINE=MyISAM DEFAULT CHARSET=latin1;

--
-- Dumping data untuk tabel `tbl_admin`
--

INSERT INTO `tbl_admin` (`id_admin`, `nama`, `pass`) VALUES
(1, 'panitia21', 'bismillah');

-- --------------------------------------------------------

--
-- Struktur dari tabel `tbl_calon`
--

CREATE TABLE `tbl_calon` (
  `id_calon` int(11) NOT NULL,
  `no` int(10) NOT NULL,
  `nama` varchar(50) NOT NULL,
  `jurusan` varchar(255) NOT NULL,
  `prodi` varchar(100) NOT NULL,
  `harapan` longtext NOT NULL,
  `foto` varchar(255) NOT NULL,
  `jumlah` int(11) NOT NULL
) ENGINE=MyISAM DEFAULT CHARSET=latin1;

--
-- Dumping data untuk tabel `tbl_calon`
--

INSERT INTO `tbl_calon` (`id_calon`, `no`, `nama`, `jurusan`, `prodi`, `harapan`, `foto`, `jumlah`) VALUES
(23, 1, 'Agus Budi Santoso', 'Teknik KImia', 'D-IV Teknologi Kimia Industri', 'VISI :<br/>\r\nMewujudkan Formadiksi Polinema Sebagai Forum yang unggul dalam IMTAQ, IPTEK, berkarakter, Inovatif, serta menjunjung tinggi nilai kekeluargaan demi terbentuknya Organisasi yang progresif <br/><br />\r\nMISI :<br/>\r\n 1. Mengoptimalkan kinerja Pengurus yang berkompeten berlandaskan komitmen, loyalitas, dan solidaritas  untuk mencapai tujuan bersama.<br/>\r\n2. Menciptakan Formadiksi Polinema sebagai penampung, penyalur aspirasi, minat dan bakat, serta mempererat rasa persaudaraan di lingkungan Formadiksi Polinema.<br/>\r\n3. Mendorong Ide dan Inovasi guna meningkatkan kualitas baik dari segi Forum dan Mahasiswa Bidikmisi /KIP Kuliah dan Afirmasi Pendidikan Politeknik Negeri Malang.<br/>\r\n4. Meningkatkan pengabdian pengabdian masyarakat guna terlaksananya Tri Dharma Perguruan Tinggi.<br/>\r\n5. Menjalin hubungan yang baik, di Internal dan Eksternal Organisasi.\r\n                                                                                                                                                                                                                                                                                                                                                  ', '../img/calon/23.png', 202),
(24, 2, 'Muhammad `Ali Murrofid', 'Teknologi Informatika', 'D-IV Teknik Informatika', 'VISI :<br/>\r\nMenjadikan Formadiksi Polinema sebagai wadah untuk Mahasiswa Bidikmisi/KIP Kuliah dan Afirmasi Pendidikan Polinema dengan menanamkan nilai profesionalitas demi mencapai Generasi Emas Indonesia.<br/><br/>\r\nMISI :<br/>\r\n1. Meningkatkan kinerja pengurus Formadiksi Polinema guna memberikan pelayanan yang lebih baik bagi Mahasiswa Bidikmisi/KIP Kuliah dan Afirmasi Pendidikan Polinema.<br/>\r\n2. Mampu menjadi wadah untuk menampung dan menyalurkan aspirasi Mahasiswa Bidikmisi/KIP Kuliah dan Afirmasi Pendidikan Polinema.<br/>\r\n3. Memfasilitasi minat bakat dan prestasi Mahasiswa Bidikmisi/KIP Kuliah dan Afirmasi Pendidikan Polinema.<br/>\r\n4. Menjalin relasi yang harmonis dengan organisasi internal maupun eksternal demi kemajuan Formadiksi Polinema.<br />                                                                                                                                                                                                                                                                                                                                                  ', '../img/calon/24.png', 101),
(25, 3, 'Septi Lutfiana', 'Teknologi Informasi', 'D-IV  Teknik Informatika', 'VISI :<br />\r\nMenjadikan Formadiksi Polinema sebagai wadah aspirasi dan pelayanan bagi Mahasiswa Bidikmisi/KIP Kuliah dan Afirmasi Pendidikan serta sebagai media untuk berkreasi, berinovasi, dan berprestasi.<br /><br />\r\nMISI :<br />\r\n1. Meningkatkan fungsi Formadiksi Polinema sebagai fasilitator serta pelayanan bagi Mahasiswa Bidikmisi/KIP Kuliah dan Afirmasi Pendidikan di Polinema.<br />\r\n2. Mengoptimalkan kualitas Program Kerja Formadiksi Polinema sebagai wadah untuk meningkatkan kreativitas, inovasi, dan prestasi bagi Mahasiswa Bidikmisi/KIP Kuliah dan Afirmasi Pendidikan di Polinema.<br />\r\n3. Mempererat silaturahmi Pengurus Formadiksi Polinema dengan Mahasiswa Bidikmisi/KIP Kuliah dan Afirmasi Pendidikan di Polinema.\r\n<br /><br /><br />\r\n                                                                                                                                                ', '../img/calon/25.png', 139);

-- --------------------------------------------------------

--
-- Struktur dari tabel `tbl_harapan`
--

CREATE TABLE `tbl_harapan` (
  `id_harapan` int(11) NOT NULL,
  `id_user` int(11) NOT NULL,
  `id_calon` int(11) NOT NULL,
  `harapan` varchar(255) NOT NULL
) ENGINE=MyISAM DEFAULT CHARSET=latin1;

--
-- Dumping data untuk tabel `tbl_harapan`
--

INSERT INTO `tbl_harapan` (`id_harapan`, `id_user`, `id_calon`, `harapan`) VALUES
(243, 1, 17, ''),
(244, 1, 23, 'sdjkk\r\n'),
(245, 1, 24, 'Semangat'),
(246, 990, 23, ''),
(247, 1828, 24, 'SEMOGA AMANAH'),
(248, 1686, 23, ''),
(249, 1409, 23, 'Semoga formadiksi makin maju'),
(250, 1784, 24, ''),
(251, 1513, 24, 'Semoga amanah'),
(252, 790, 23, ''),
(253, 1761, 23, 'Semoga amanah kedepannya'),
(254, 1674, 23, ''),
(255, 841, 24, 'Semoga dapat mengemban tugas dan amanah dengan baik dalam satu periode kedepan'),
(256, 1234, 24, 'Go go fatona go'),
(257, 1746, 23, 'Semoga FORMADIKSI semakin sukses ke depannya'),
(258, 1426, 24, 'Semoga amanah'),
(259, 1883, 23, ''),
(260, 1598, 23, ''),
(261, 1521, 23, 'Agar formadiksi lebih maju kedepannya.'),
(262, 1535, 23, 'Agar formadiksi bisa lebih maju kedepannya'),
(263, 1801, 23, ''),
(264, 1858, 23, 'Saya harap menjadi pemimpin yang adil dan ramah kepada seluruh anggota'),
(265, 732, 24, 'Semoga dapat menjalankan amanah dengan baik dan semoga bisa merealisasikan semua program-program yang telah di usung'),
(266, 1801, 23, ''),
(267, 1594, 23, ''),
(268, 769, 24, 'Semoga jika terpilih bisa amanah'),
(269, 1123, 24, ''),
(270, 1354, 23, ''),
(271, 1018, 23, 'Semangat Bang :)'),
(272, 1769, 23, ''),
(273, 1744, 23, 'Semoga membangun formadiksi Polinema dengan baik'),
(274, 1568, 23, '1'),
(275, 1204, 24, ''),
(276, 1770, 24, ''),
(277, 156, 23, ''),
(278, 914, 23, 'semoga amanah'),
(279, 1642, 23, 'Semoga formadiksi semakin Jaya'),
(280, 262, 23, ''),
(281, 1833, 23, 'Semoga amanah ya mas'),
(282, 938, 23, ''),
(283, 262, 24, ''),
(284, 1754, 23, 'Semoga formadiksi polinema semakin baik'),
(285, 857, 24, 'Semoga bisa membawa Formadiksi agar semakin baik'),
(286, 1848, 23, 'Semoga menjadi ketua yang amanah'),
(287, 1666, 23, 'Jika terpilih bisa amanah dengan jabatannya'),
(288, 1070, 23, ''),
(289, 1015, 23, 'Semoga semakin bisa untuk memajukan formadiksi'),
(290, 1275, 23, '-'),
(291, 262, 23, ''),
(292, 1517, 23, ''),
(293, 1205, 24, 'ya Allah'),
(294, 1638, 24, 'Semoga bisa menjalankan tugas dengan baik apabila terpilih, apapun hasilnya semangatt'),
(295, 1749, 23, ''),
(296, 1918, 23, 'Semoga amanah '),
(297, 1717, 23, '1'),
(298, 1836, 23, ''),
(299, 917, 23, 'Semoga dapat menjalankan amanah dan tanggung jawab dengan baik'),
(300, 1407, 24, ''),
(301, 1074, 24, ''),
(302, 1066, 23, '1'),
(303, 1891, 23, ''),
(304, 1139, 23, 'tumpengan e ojo lali, semoga amanah dan sat set wat wet'),
(305, 1417, 24, ''),
(306, 1583, 24, ''),
(307, 1382, 23, 'semoga terpilih dan amanah dalam mengemban tugas'),
(308, 1687, 23, 'Semoga menjadi ketum yang amanah dan dapat dipercaya, sehingga dapat mewujudkan visi misi yang telah dibuat dan semoga harapannya dapat terealisasikan semua'),
(309, 1810, 23, 'Semoga formadiksi ke depan lebih baik lagi, dan sering mengadakan lomba-lomba'),
(310, 1580, 24, ''),
(311, 262, 23, ''),
(312, 1722, 23, '1'),
(313, 1533, 23, ''),
(314, 1574, 23, '1'),
(315, 1738, 23, 'Semoga selalu amanah dan membangun formadiksi Polinema menjadi lebih baik'),
(316, 1742, 23, 'Semoga menjadi pemimpin yang amanah'),
(317, 1590, 23, ''),
(318, 1602, 23, 'Semoga kedepannya bisa memberikan semangat baru bagi formadiksi '),
(319, 262, 23, ''),
(320, 1610, 23, 'Semoga amanah'),
(321, 1491, 24, 'Semoga yang disemogakan tersemogakan'),
(322, 929, 23, ''),
(323, 1378, 24, 'Semoga menjadikan mahasiswa bidikmisi, Kip Kuliah dan Afirmasi pendidikan menjadi lebih baik lagi untuk kedepannya'),
(324, 474, 23, 'Amanah, dan bisa membawa formadiksi lebih baik lagi'),
(325, 262, 23, ''),
(326, 1815, 23, 'I hope u win and menjalankan proker yang dirancang dengan penuh tanggung jawab '),
(327, 1298, 23, 'pilih'),
(328, 1444, 23, 'Semoga membawa forum formadiksi menjadi lebih baik'),
(329, 1138, 24, ''),
(330, 437, 24, ''),
(331, 1950, 24, ''),
(332, 262, 23, 'Semoga dapat melaksanakan tanggung jawab dengan baik'),
(333, 1750, 23, ''),
(334, 1538, 23, 'Semangatt menjalankan tugas , semoga lancar '),
(335, 468, 23, ''),
(336, 1917, 23, 'Semoga amanah yaa'),
(337, 678, 23, 'Semoga bisa menjadi ketua umum yang amanah, tegas dan bijaksana dalam pengambilan keputusan'),
(338, 1646, 23, ''),
(339, 262, 23, ''),
(340, 1741, 23, 'Semoga  bisa menjadi ketum yang terbaiik dan menjalankan visi dan misi dengan baik'),
(341, 262, 24, 'Bismillah'),
(342, 1613, 24, 'Semoga kedepannya Formadiksi tambah maju dan sukses selalu untuk setiap prokernya'),
(343, 1861, 24, 'Semoga amanah dan semangat berprogress:))'),
(344, 1767, 23, 'Semoga bisa amanah atas tanggung jawab yang telah diberikan'),
(345, 1624, 23, 'Better '),
(346, 1572, 23, 'Semoga menjadi pemimpin yg baik '),
(347, 1003, 23, ''),
(348, 1527, 23, ''),
(349, 1540, 23, 'ðŸ’ª'),
(350, 1529, 24, ''),
(351, 1603, 23, ''),
(352, 262, 24, ''),
(353, 1971, 24, ''),
(354, 1682, 24, ''),
(355, 1709, 23, 'Bismillah Berkah'),
(356, 262, 23, ''),
(357, 1661, 23, ''),
(358, 262, 23, ''),
(359, 1544, 23, 'Nuziladyah azani '),
(360, 1116, 24, 'Baik kedepannya'),
(361, 800, 24, 'Semoga bisa amanah'),
(362, 1334, 23, 'Mas ikin Jos'),
(363, 1569, 24, ''),
(364, 1551, 23, 'Semoga amanah dalam mengemban tugas, Semangat ðŸ‘'),
(365, 1685, 23, 'Semakin kompak kedepannya'),
(366, 1927, 23, 'Semakin jaya sukses selalu'),
(367, 1383, 24, ''),
(368, 262, 24, ''),
(369, 1277, 23, 'Semoga amanah'),
(370, 1289, 23, ''),
(371, 1303, 23, 'Semoga amanah setahun kedepan ya'),
(372, 1819, 23, ''),
(373, 1821, 23, 'Sukses selalu '),
(374, 262, 23, ''),
(375, 1693, 23, 'Semoga Formadiksi Polinema Dapat Memberikan Info Info Dengan Sangat Terupdate'),
(376, 974, 23, '1.'),
(377, 1653, 24, 'Semoga bisa amanah kak'),
(378, 1606, 23, 'Pilih'),
(379, 1688, 23, 'semoga dapat memudahkan kami para beasiswa\r\n'),
(380, 1573, 23, 'semoga tercapai visi misinya'),
(381, 262, 23, ''),
(382, 1438, 23, ''),
(383, 1777, 23, 'Semoga bisa amanah dan mensejahterakan mahasiswa khususnya mahasiswa KIP'),
(384, 753, 24, ''),
(385, 1543, 23, ''),
(386, 1772, 24, 'semoga amanah jika terpilih menjadi ketua nantinya'),
(387, 262, 23, ''),
(388, 1667, 23, ''),
(389, 262, 23, 'Semoga amanah dan bisa mensejahterakan mahasiswa khususnya mahasiswa KIP'),
(390, 1702, 23, 'Semoga Menang'),
(391, 634, 24, 'Semoga bisa amanah, sabar, dan berpikir luas serta positif'),
(392, 1192, 23, ''),
(393, 1165, 23, 'Semoga amanah'),
(394, 1562, 23, ''),
(395, 975, 23, 'Muhammad Rozikin'),
(396, 262, 24, ''),
(397, 262, 23, '1'),
(398, 262, 23, 'Semoga amanah'),
(399, 1456, 23, 'Muhammad Roziqin'),
(400, 630, 24, ''),
(401, 777, 24, 'Semangat jangan lupa tanggung jawab nya'),
(402, 1290, 24, 'Berita cairnya dana living cost tersiar cepat'),
(403, 1900, 23, 'Semoga bisa memimpin formadiksi dengan bijaksana'),
(404, 1832, 23, ''),
(405, 1106, 24, 'Semangat '),
(406, 1856, 23, ''),
(407, 1799, 23, 'Semoga bisa membawa Formadiksi Polinema menjadi lebih baik dan mempunyai nama baik di lingkungan eksternal '),
(408, 1805, 24, ''),
(409, 1153, 24, 'Awas mumett'),
(410, 1523, 23, 'untuk yang jadi pemimpin selanjut nya ssemogah amanah dan bertanggung jawab ....di tunggu kerja nyata nya '),
(411, 1023, 23, 'Semoga dapat mengemban tugas dengan baik, selalu inovatif dalam memimpin organisasi'),
(412, 1377, 23, 'semangat tum'),
(413, 1964, 24, 'ðŸ‘ðŸ»'),
(414, 607, 23, ''),
(415, 1797, 23, ''),
(416, 1919, 23, 'Semoga menjadi pemimpin amanah dan bertanggung jawab'),
(417, 1203, 24, 'Semoga formadiksi polinema semakin baik'),
(418, 262, 23, ''),
(419, 941, 23, 'Semoga amanah dan bertanggungjawab'),
(420, 262, 23, ''),
(421, 1948, 23, ''),
(422, 262, 24, 'bismillah'),
(423, 265, 23, 'Semoga amanah dan bertanggung jawab'),
(424, 1879, 23, 'Semoga menjadi ketum yg amanah.'),
(425, 1639, 23, ''),
(426, 1091, 23, 'Semoga menjadi ketua yang amanah dapat memimpin anggotanya lebih baik'),
(427, 1615, 23, ''),
(428, 1949, 23, 'Semoga sukses selalu kedepannya'),
(429, 1534, 23, ''),
(430, 1379, 23, ''),
(431, 1757, 23, ''),
(432, 984, 23, 'smkin jaya'),
(433, 1774, 23, 'semoga bisa membawa formadiksi menjadi lebih baik lagi'),
(434, 1765, 23, 'Semoga dapet mengemban tugas dengan baik dan penuh tanggungjawab'),
(435, 18, 24, ''),
(436, 1411, 24, 'Semoga Jadi'),
(437, 1374, 23, ''),
(438, 262, 23, ''),
(439, 609, 23, ''),
(440, 1391, 23, ''),
(441, 961, 23, 'Semoga amanah '),
(442, 335, 23, 'Semoga untuk kedepannya Formadiksi lebih maju lagi.'),
(443, 792, 24, 'Semoga amanah dan bancaannya'),
(444, 262, 23, ''),
(445, 1838, 23, ''),
(446, 1405, 24, 'Semoga amanah dan menyejahterakan teknik elektro'),
(447, 937, 23, ''),
(448, 1830, 23, 'Semoga amanah membawa formadiksi lebih baik:)'),
(449, 354, 24, 'Ojo lali adat e'),
(450, 1392, 24, 'Jadi atau tidak tetap semangat nggeh'),
(451, 744, 23, ''),
(452, 1588, 23, 'Semangat '),
(453, 674, 23, ''),
(454, 203, 23, ''),
(455, 683, 24, ''),
(456, 633, 24, 'Semoga bisa amanah, semangat'),
(457, 1182, 23, ''),
(458, 1510, 24, 'Semoga visi dan misinya bisa terealisasikan dengan baik'),
(459, 1816, 23, ''),
(460, 362, 23, ''),
(461, 969, 23, 'Semoga menjadi Ketum Formadiksi yang AMANAH.'),
(462, 262, 23, ''),
(463, 1955, 23, ''),
(464, 396, 23, ''),
(465, 1668, 23, 'Semoga benar-benar Amanah dan Bertanggung jawab'),
(466, 1154, 23, ''),
(467, 1676, 23, ''),
(468, 1635, 23, '1'),
(469, 611, 23, 'Semoga amanah menjalankan tugasnya'),
(470, 1692, 24, 'hopefully it can be even better to advance the cohesiveness of formadiction members '),
(471, 793, 24, ''),
(472, 320, 23, 'Pilih'),
(473, 801, 24, ''),
(474, 676, 23, '1'),
(475, 1167, 24, 'Semoga bisa bertugas dengan baik dan amanah'),
(476, 1163, 23, 'Semoga bisa amanah '),
(477, 1029, 23, 'Muhammad Roziqin'),
(478, 781, 24, ''),
(479, 1240, 23, ''),
(480, 936, 23, 'Smoga amanah, dan dapat bertanggung jawab\r\nTerimakasih'),
(481, 1122, 23, 'Semoga amanah'),
(482, 952, 23, 'Semoga formadiksi kedepannya menjadi jauh lebih baik lagi'),
(483, 787, 24, ''),
(484, 1608, 23, ''),
(485, 1941, 23, 'Semoga benar-benar bisa mewujudkan visi dan misinya dengan baik.'),
(486, 1620, 23, 'Amanah dalam mengemban tugas ya kak...'),
(487, 531, 23, 'Ok'),
(488, 786, 24, ''),
(489, 854, 24, ''),
(490, 1494, 24, 'Semoga menjadi panutan untuk semua'),
(491, 1271, 23, 'Tetap Semangat menjalankan tugas jika terpilih jadi ketum 2022/2023 formadiksi polinema'),
(492, 1869, 23, 'Semoga amanah dan program-program baru dan lama bisa dijalankan dengan baik. Mampu menampung aspirasi seluruh mahasiswa'),
(493, 1558, 24, 'Yoi'),
(494, 1807, 24, ''),
(495, 1069, 24, 'Semoga jadi ketua'),
(496, 552, 24, 'semoga amanah semangatt teman2'),
(497, 1233, 23, ''),
(498, 639, 23, ''),
(499, 1840, 23, ''),
(500, 1424, 24, 'Semoga yang saya pilih ini dapat menjalankan visi misi yang di sampaikan dan selalu amanah dan jujur'),
(501, 1967, 24, 'Semoga yang terbaik pokoknya'),
(502, 627, 23, 'semoga amanah'),
(503, 1525, 23, ''),
(504, 675, 24, ''),
(505, 1605, 24, '2'),
(506, 617, 24, 'semoga bisa menjadikan formadiksi lebih berkembang dan jaya'),
(507, 739, 24, 'Visi misi yang tepat dan bagus'),
(508, 1480, 24, 'Inti dari harapan, dapat bertanggung jawab atas amanah yang telah di emban.'),
(509, 788, 24, ''),
(510, 262, 23, 'semoga amanah'),
(511, 262, 24, ''),
(512, 1413, 23, ''),
(513, 262, 23, 'Mampu menjalankan semua misi dengan baik, menampung semua aspirasi mahasiswa, dan menjalankan semua program dengan baik'),
(514, 1786, 23, ''),
(515, 614, 23, ''),
(516, 1829, 23, ''),
(517, 534, 23, ''),
(518, 1127, 23, ''),
(519, 262, 24, 'Visi misi Tepat dan bagus'),
(520, 661, 24, ''),
(521, 1604, 23, 'Semoga amanah aja dah'),
(522, 514, 23, 'Bismillah'),
(523, 636, 23, 'Semoga formadiksi menjadi lebih baik lagi dari segi proker dan kepengurusan nya\r\nJadi ketua yang amanah'),
(524, 1567, 23, '1'),
(525, 791, 24, ''),
(526, 1283, 23, 'Pilih'),
(527, 1402, 23, 'Semoga Proker nya sukses à­§| Í¡áµ” ï¹ Í¡áµ” |à­¨'),
(528, 1325, 23, ''),
(529, 299, 23, ''),
(530, 842, 23, ''),
(531, 262, 23, 'Pilih'),
(532, 783, 24, ''),
(533, 1202, 23, 'Awas ngendas'),
(534, 1621, 23, ''),
(535, 1152, 24, 'Semoga menjadi pemimpin yang amanah'),
(536, 262, 23, ''),
(537, 1707, 23, '1'),
(538, 361, 23, 'semoga menjadi ketua yang amanah'),
(539, 778, 24, ''),
(540, 1756, 23, 'Semoga mas e amanah dan apa yang mas e janjikan semua terpenuhi, dan harapan terbesarnya mas e bisalah menjadi wakil kita semua di forum iki. Semoga Formasiksi polinema iki semakin jaya selama dalam masa periode kepemimpinan mas e, amiinnn'),
(541, 784, 24, ''),
(542, 262, 24, 'Semoga formadiksi bisa menjadi forum yang lebih baik lagi'),
(543, 327, 23, 'Semoga bisa menjadi pemimpin yang bisa menjalankan amanat'),
(544, 677, 23, ''),
(545, 1631, 23, 'Semoga amanah !!!'),
(546, 1302, 23, ''),
(547, 856, 24, 'Semoga Formadiksi menjadi lebih baik kedepannya'),
(548, 262, 23, ''),
(549, 1561, 24, 'Harapan saya FORMADIKSI POLINEMA dapat memberikan semakin banyak pelajaran berharga untuk anggotanya'),
(550, 1267, 23, ''),
(551, 262, 23, ''),
(552, 780, 24, ''),
(553, 1049, 23, 'Semoga amanah'),
(554, 1705, 23, 'Jangan lupa traktirannya mas'),
(555, 1128, 24, ''),
(556, 1637, 23, 'Semoga amanah dan formadiksi Polinema semakin maju'),
(557, 1725, 23, ''),
(558, 516, 23, ''),
(559, 1436, 23, ''),
(560, 1145, 24, ''),
(561, 1823, 24, ''),
(562, 1273, 24, 'Semoga menjalankan amanah dengan baik'),
(563, 1433, 24, 'Semoga dapat melaksanakan kewajiban dengan baik'),
(564, 779, 24, ''),
(565, 1780, 24, ''),
(566, 1349, 23, ''),
(567, 943, 24, 'Makin konsisten dannn maju yaaa'),
(568, 1466, 23, 'Semoga menjadi pemimpin yang bertanggung jawab dan dapat mengemban seluruh anggotanya kak'),
(569, 1775, 23, 'Semoga formadiksi polinema lebih baik ke depannya'),
(570, 1493, 23, ''),
(571, 1085, 23, ''),
(572, 782, 24, ''),
(573, 862, 24, ''),
(574, 797, 24, ''),
(575, 1041, 23, 'Semoga amanah'),
(576, 1520, 23, ''),
(577, 1158, 23, ''),
(578, 612, 23, ''),
(579, 980, 24, ''),
(580, 934, 23, ''),
(581, 1737, 23, 'Semoga bisa menjadi ketua yang amanah dalam segala hal terutama dalam Formadiksi'),
(582, 1242, 24, 'Harap menjadi pemimpin yang adil, jujur, amanah'),
(583, 928, 23, 'Semangat'),
(584, 1782, 24, ''),
(585, 213, 24, 'Semoga menjadi pilketum yang mampu bertanggung jawab'),
(586, 1401, 24, ''),
(587, 1143, 23, ''),
(588, 1026, 23, ''),
(589, 1266, 23, 'roziqin'),
(590, 1867, 23, ''),
(591, 726, 23, 'Semoga menjadi ketum formadiksi yg amanah dan bertanggung jawab'),
(592, 981, 23, 'Semoga dapat menjalankan amanah dengan baik sampai akhir. Semoga rencana yang dijanjikan dapat terealisasikan semua.'),
(593, 741, 24, ''),
(594, 1212, 24, 'semoga visi misi bisa terealisasikan '),
(595, 1940, 23, ''),
(596, 736, 24, ''),
(597, 262, 24, ''),
(598, 1812, 24, 'Semoga Formadiksi bisa semakin jaya ke depannya.'),
(599, 729, 24, ''),
(600, 1260, 23, 'Semoga dapat memimpin formadiksi menjadi lebih baikâ¤meskipun sekarang sudah baik'),
(601, 363, 23, 'semangat'),
(602, 728, 24, ''),
(603, 1400, 24, 'Semoga dapat menjadi pemimpin yang amanah dan dapat menuntaskan visi, misi, dan program kerja yang tersusun saat saat rapat kerja pertama.'),
(604, 1418, 24, '.'),
(605, 363, 23, 'semangat'),
(606, 1617, 23, ''),
(607, 920, 24, ''),
(608, 1792, 24, '-Mampu merealisasikan plan mengenai proker kedepannya dengan yakin proker akan terlaksanakan\r\n-Merangkul baik anggota kepengurusan formadiksi'),
(609, 992, 23, ''),
(610, 1611, 24, 'Semangat Mbak'),
(611, 1052, 23, ''),
(612, 992, 23, 'Rozikin'),
(613, 1597, 23, ''),
(614, 1118, 24, '2'),
(615, 1121, 23, ''),
(616, 262, 24, ''),
(617, 1766, 23, 'semoga amanah'),
(618, 347, 23, ''),
(619, 1763, 23, 'Semoga bisa amanah dalam menjalankan tugas dan formadiksi lebih baik kedepannya.'),
(620, 906, 23, '1'),
(621, 262, 23, ''),
(622, 252, 24, ''),
(623, 1947, 23, ''),
(624, 262, 23, 'Semoga dapat menjadi pemimpin yang amanah, dan mewujudkan visi, misi, dan menuntaskan Program kerja yang tersusun saat rapat kerja pertama.'),
(625, 526, 23, 'Ok'),
(626, 1219, 23, ''),
(627, 251, 23, ''),
(628, 965, 23, ''),
(629, 1452, 24, ''),
(630, 1159, 24, 'Semoga membawa formadiksi lebih baik lagi'),
(631, 262, 24, ''),
(632, 908, 23, ''),
(633, 1119, 24, ''),
(634, 1065, 23, ''),
(635, 1313, 23, 'nomer 1'),
(636, 1912, 23, 'Apabila menjadi ketua disini semoga bisa memegang amanah yang diberikan. Dan semoga bisa tanggung jawab atas tugas yang diemban'),
(637, 1184, 23, '1'),
(638, 1036, 23, 'semoga formadiksi kedepannya lebih baik lagi'),
(639, 1633, 24, 'Semoga kedepannya bisa lebih kompak lagi dan banyak ide-ide proker yang bisa membuat formadiksi lebih maju, tetap semangat buat semuanya.'),
(640, 1215, 24, ''),
(641, 1039, 23, ''),
(642, 493, 24, ''),
(643, 831, 24, 'Semoga bisa memegang amanah jika terpilih menjadi ketua periode selanjutnya'),
(644, 1246, 23, '01'),
(645, 1017, 23, 'Semoga Amanah dalam Menjalankan Tugasnya dan Dapat Merangkul seluruh mahasiswa Bidikmisi Polinema maupun PSDKU'),
(646, 1300, 24, '.'),
(647, 1743, 23, 'Tetap semangat'),
(648, 262, 24, 'Semoga kedepannya bisa lebih kompak lagi dan banyak ide-ide proker yang bisa membuat formadiksi lebih maju. Semangat buat semuanya.'),
(649, 1789, 23, ''),
(650, 973, 23, ''),
(651, 1593, 24, 'semoga kakak bisa menjaga amanah yaa aamiin'),
(652, 1787, 23, 'Muhammad Roziqin'),
(653, 637, 23, ''),
(654, 1022, 23, ''),
(655, 104, 23, ''),
(656, 1720, 23, ''),
(657, 1745, 23, ''),
(658, 1696, 23, ''),
(659, 613, 23, 'semoga bisa menjadi pemimpin yang amanah, dan bisa menjadi panutan untuk anggotanya.'),
(660, 1403, 24, 'Semangat'),
(661, 1654, 23, 'Pemimpin umumnya adalah laki laki'),
(662, 1658, 23, ''),
(663, 704, 23, ''),
(664, 1155, 23, 'semoga menjadi ketum yang amanah aminn'),
(665, 262, 23, ''),
(666, 1149, 23, 'Semoga amanah'),
(667, 1055, 23, ''),
(668, 207, 24, ''),
(669, 1706, 23, 'Semoga Formadiksi Polinema semakin berkembang dengan dipilih nya Calon Ketum nomor 1'),
(670, 35, 24, 'Yang saya harapkan dari pemikiran seorang pemimpin perempuan adalah pemikiran yang kritis, detail, dan peka terhadap perubahan kecil namun berdampak besar dengan pemikiran yang modern dan argumen yang dapat dilakukan dimasa yang akan datang.'),
(671, 1699, 24, ''),
(672, 986, 23, 'kapan KIP cair?.. maszeh\r\n'),
(673, 341, 23, 'Amanah'),
(674, 1477, 24, 'Semoga kedepannya Formadiksi Polinema bisa menghasilkan banyak prestasi dari mahasiswa baik di bidang akademik maupun non akademik. '),
(675, 1694, 23, '.'),
(676, 1097, 23, 'Roziqinn'),
(677, 1475, 24, ''),
(678, 262, 24, ''),
(679, 200, 23, 'âœ“'),
(680, 1410, 24, ''),
(681, 1150, 24, ''),
(682, 1199, 24, 'Semoga amanah terhadap tugas yang diemban nanti'),
(683, 262, 24, 'Semoga aman terhadap terhadap tugas yang diemban'),
(684, 1612, 23, ''),
(685, 1358, 23, 'Pilih nomer 1'),
(686, 262, 23, ''),
(687, 1728, 24, ''),
(688, 1458, 23, ''),
(689, 1905, 24, ''),
(690, 1247, 24, ''),
(691, 1735, 24, ''),
(692, 196, 24, ''),
(693, 999, 23, 'Semoga Amanah jika nanti terpilih sebagai Ketua Umum '),
(694, 262, 23, ''),
(695, 1652, 23, ''),
(696, 1012, 23, 'Semoga menang â˜ºï¸'),
(697, 1969, 24, ''),
(698, 1350, 23, ''),
(699, 1609, 24, ''),
(700, 1852, 24, ''),
(701, 1669, 23, ''),
(702, 1753, 23, 'Jadilah pemimpin yang bertanggung jawab'),
(703, 1474, 24, 'Semoga sukses kedepannya menjadi Ketua Bidikmisi '),
(704, 997, 23, ''),
(705, 626, 23, ''),
(706, 880, 24, ''),
(707, 1846, 23, ''),
(708, 1104, 23, 'Semoga amanah dalah menjalankan tugas, dan tetap semangat'),
(709, 1054, 23, ''),
(710, 1914, 24, ''),
(711, 1381, 23, ''),
(712, 1730, 23, 'Dapat merealisasikan proker dan visi misi yang menarik. Serta memperbaiki mekanisme kegiatan Formadiksi yang kurang mantap dan ketidaksiapan. M'),
(713, 262, 24, 'Nomer 2'),
(714, 367, 23, ''),
(715, 1100, 23, ''),
(716, 1595, 23, ''),
(717, 1312, 23, 'Semoga amanah dan bertanggungjawab'),
(718, 899, 23, 'Semoga amanah'),
(719, 208, 23, ''),
(720, 918, 23, ''),
(721, 1820, 23, 'semoga dengan memilih mas nya bisa amanah dan menjadi ketua forum yang baik dan bijaksana serta dapat mengembangkan forum mahasiswa bidikmisii jauh lebih baik kedepannya'),
(722, 1296, 23, ''),
(723, 1188, 23, ''),
(724, 1450, 24, ''),
(725, 1124, 23, 'semoga amanah'),
(726, 1439, 24, ''),
(727, 1616, 23, ''),
(728, 1837, 23, ''),
(729, 10, 23, ''),
(730, 1600, 24, 'semoga bisa memajukan formadiksi polinema menjadi lebih baik lagi kedepannya'),
(731, 1563, 23, ''),
(732, 1214, 23, ''),
(733, 850, 23, 'Semoga Amanah'),
(734, 256, 23, 'Semangat'),
(735, 853, 23, '. '),
(736, 1565, 23, 'Anda saya pilih'),
(737, 1570, 23, 'ANDA saya pilih'),
(738, 1804, 23, '. '),
(739, 1626, 23, ''),
(740, 1453, 24, 'be better'),
(741, 1921, 23, ''),
(742, 42, 24, ''),
(743, 421, 24, ''),
(744, 1414, 24, 'Saya harap Formadiksi kedepannya menjadi lebih baik'),
(745, 1625, 23, 'semoga amanah'),
(746, 371, 23, ''),
(747, 388, 23, 'Semoga bisa menjadi pemimpin yang bertanggung jawab dan amanah dalam mengemban tugasnya khususnya untuk memajukan formadiksi polinema'),
(748, 1946, 23, ''),
(749, 1441, 23, 'Semoga amanah dan Menjadi pemimpin yang baik, pemimpin yang selalu mengutamakan kebenaran dan kejujuran, Aamiin'),
(750, 1957, 23, ''),
(751, 1793, 23, 'No 1'),
(752, 1286, 23, ''),
(753, 1945, 23, 'Semoga amanah'),
(754, 262, 24, 'Ya'),
(755, 912, 23, 'Semoga bisa amanah dan menjabat sesuai visi dan misi'),
(756, 1806, 23, ''),
(757, 1850, 23, 'Semoga bisa membawa formadiksi menjadi lebih baik lagi. '),
(758, 1620, 23, 'Amanah dalam mengemban tugas'),
(759, 1866, 24, ''),
(760, 331, 23, 'Semoga amanah :)'),
(761, 1938, 23, 'Semoga dengan terpilihnya ketua umum ini dapat memajukan forum formadiksi '),
(762, 1731, 23, ''),
(763, 945, 23, ''),
(764, 1074, 24, ': )'),
(765, 1822, 23, ''),
(766, 1275, 23, '-'),
(767, 1502, 24, 'Fatonatul Mubarokah'),
(768, 1455, 24, 'Semoga amanah'),
(769, 618, 23, 'Semoga formadiksi menjadi lebih maju dan baik lagi'),
(770, 937, 23, 'Semoga apa yang di semogakan tersemogakan, semangat ketum'),
(771, 1524, 23, 'Muhammad Roziqin'),
(772, 624, 23, ''),
(773, 1779, 23, ''),
(774, 262, 23, ''),
(775, 1979, 23, 'Semoga bisa menjadi ketua yang menjalankan amanah dengan penuh tanggungjawab.'),
(776, 336, 23, ''),
(777, 1761, 23, ''),
(778, 1495, 23, ''),
(779, 262, 23, ''),
(780, 1263, 23, 'smoga formadiksi bisa menjadi lebih baik lagi, lebih dihargai lagi oleh semua mahasiswa Bidikmisi/KIP Kuliah, lebih meningkat lagi dalam menyalurkan aspirasi minat bakat seluruh mahasiswa'),
(781, 1541, 23, ':*'),
(782, 330, 23, ''),
(783, 1379, 23, 'Pilih'),
(784, 1343, 23, 'Semoga bisa menjalankan tugasnya denga baik. Bisa memajukan organisasi formadiksi polinema menjadi organisasi yang bermanfaat bagi anggota anggotanya. Formadiksi Polinema, semangat gapai asa. Polinema, josss'),
(785, 1415, 23, ''),
(786, 1496, 23, 'semoga amanah'),
(787, 1936, 23, 'Dapat menerapkan Visi Misi dengan baik'),
(788, 1728, 24, ''),
(789, 1842, 24, 'Semoga formadiksi semakin maju dan program kerjanya semakin inovatif\r\n'),
(790, 1735, 24, ''),
(791, 614, 23, 'semoga amanah'),
(792, 1836, 23, 'Sahila Septi Nur_AKM 1H'),
(793, 371, 23, ''),
(794, 534, 23, ''),
(795, 862, 24, ''),
(796, 315, 23, ''),
(797, 1567, 23, ''),
(798, 1818, 23, ''),
(799, 1674, 23, ''),
(800, 1513, 24, 'Semoga amanah dan harimu Minggu semua '),
(801, 1364, 24, ''),
(802, 262, 23, ''),
(803, 7, 23, ''),
(804, 1517, 23, ''),
(805, 1892, 23, ''),
(806, 997, 24, ''),
(807, 369, 23, 'Semoga amanahðŸ‘'),
(808, 1139, 23, 'tumpengan e ojo lali, semoga tamba sat set wat wet'),
(809, 1167, 24, 'Semoga bisa bertugas dengan baik dan menjaga amanah'),
(810, 1166, 23, ''),
(811, 468, 23, ''),
(812, 1730, 23, 'Merealisasikan proker yang dibuat'),
(813, 1277, 23, 'Semoga amanah '),
(814, 1378, 24, 'Semoga menjadikan mahasiwa bidikmisi kip k dan afirmasi pendidikan lebih baik lagi'),
(815, 952, 23, 'Semoga formadiksi kedepannya semakin lebih baik'),
(816, 1631, 23, 'Semoga amanah !!!'),
(817, 1619, 23, ''),
(818, 1433, 24, 'Semoga dapat melaksanakan kewajiban dengan baik'),
(819, 1510, 24, 'Semoga visi dan misinya bisa terealisasikan dengan baik'),
(820, 262, 23, ''),
(821, 1801, 23, ''),
(822, 1402, 23, 'Semoga Proker nya sukses á•™( Í¡Â° ÍœÊ– Í¡Â°)á•—'),
(823, 779, 24, ''),
(824, 1521, 23, 'Agar formadiksi kedepannya lebih maju'),
(825, 1669, 23, ''),
(826, 262, 23, ''),
(827, 1769, 23, ''),
(828, 1392, 24, 'Udah wes pokok semangat'),
(829, 1391, 23, ''),
(830, 1527, 23, ''),
(831, 1377, 23, 'semangat tum'),
(832, 1812, 24, 'Semoga Formadiksi bisa semakin jaya ke depannya'),
(833, 1774, 23, 'Semoga bisa membawa formadiksi menjadi lebih baik lagi'),
(834, 1613, 24, 'Semoga kedepannya Formadiksi tambah maju dan sukses selalu untuk setiap prokernya'),
(835, 1830, 23, 'Semoga amanah membawa formadiksi lebih baik:)'),
(836, 1810, 23, 'Semoga formadiksi ke depan lebhih baik lagi, dan formadiksi sering mengadakan lomba-lomba baik di tingkat formadiksi maupun di tingkat polinema'),
(837, 1152, 24, 'Semoga menjadi pemimpin yang amanah'),
(838, 1682, 24, 'Semoga seluruh visi misi yang sudah disampaikan dapat direalisasikan'),
(839, 1767, 23, 'Semoga bisa amanah atas tanggung jawab yang telah diberikan'),
(840, 1638, 24, 'Semoga dapat menjalankan tugas dengan baik apabila terpilih, apapun hasilnya tetap semangatt'),
(841, 1737, 23, 'Semoga bisa menjadi ketua yang amanah dalam segala hal terutama dalam Formadiksi'),
(842, 1551, 23, 'Semoga amanah dalam mengemban tugas tugasnya'),
(843, 1536, 23, ''),
(844, 1770, 24, ''),
(845, 1823, 24, ''),
(846, 262, 24, ''),
(847, 1804, 23, '. '),
(848, 1752, 23, ''),
(849, 1750, 23, ''),
(850, 1503, 24, ''),
(851, 1953, 23, 'semoga amanah'),
(852, 617, 24, 'semoga bisa menjadikan formadiksi lebih berkembang dan jaya selalu'),
(853, 1588, 23, 'ðŸ“'),
(854, 935, 23, ''),
(855, 1544, 23, 'Nuziladyah azani'),
(856, 1743, 23, 'Ok'),
(857, 1358, 23, 'Pilih nomer 1'),
(858, 1633, 24, 'Semoga kedepannya bisa lebih kompak lagi dan banyak ide-ide proker yang bisa membuat formadiksi lebih maju. Semangat buat semuanya:)'),
(859, 1531, 23, ''),
(860, 1538, 23, ''),
(861, 262, 23, ''),
(862, 1400, 23, 'Semoga dapat menjadi pemimpin yang amanah dan bertanggungjawab\r\nDan menjalankan visi misinya, serta menuntaskan program kerja yang dibuat saat rapat kerja pertama. '),
(863, 963, 23, ''),
(864, 1426, 24, ''),
(865, 262, 24, 'Semoga kedepannya bisa lebih kompak lagi dan banyak ide-ide proker yang bisa membuat formadiksi lebih maju. Semangat buat semuanya:)'),
(866, 1204, 24, ''),
(867, 1015, 23, 'Semoga bisa semakin memajukan formadiksi'),
(868, 1292, 23, 'mmm'),
(869, 753, 24, ''),
(870, 1717, 23, 'Semoga amanah dalam melakukan kepengurusan'),
(871, 609, 23, ''),
(872, 262, 23, ''),
(873, 741, 24, ''),
(874, 1847, 23, ''),
(875, 1447, 24, 'semoga menjadi pemimpin yang dapat memimpin dengan baik untuk kedepanya'),
(876, 1534, 23, ''),
(877, 736, 24, ''),
(878, 262, 23, ''),
(879, 1522, 23, 'Moga bisa jadi lebih baik'),
(880, 262, 24, 'semangat ya :)'),
(881, 1646, 23, ''),
(882, 1587, 23, 'Bismillah'),
(883, 729, 24, ''),
(884, 1637, 23, 'Semoga amanah dan Formadiksi Polinema semakin maju'),
(885, 728, 24, ''),
(886, 1218, 23, 'Semoga dapat bertanggung jawab:)'),
(887, 197, 24, ''),
(888, 777, 24, ''),
(889, 1153, 24, 'Lopeyuuu'),
(890, 1790, 23, 'Semoga amanah'),
(891, 1401, 24, ''),
(892, 1466, 23, 'Semoga bisa menjadi pemimpin yang bertanggung jawab amanah dan dapat mengayomi seluruh anggotanya'),
(893, 1126, 23, ''),
(894, 1413, 23, ''),
(895, 1612, 23, '. '),
(896, 1234, 24, 'Fatona menang'),
(897, 156, 23, ''),
(898, 1209, 23, ''),
(899, 1279, 23, 'semoga visi dan misi dilaksanakan dengan baik'),
(900, 262, 23, '. '),
(901, 160, 23, ''),
(902, 1041, 23, 'Semoga amanah'),
(903, 637, 23, 'Semoga amanah, jujur dan bertanggung jawab. Selebihnya urusan anda dg tuhan.'),
(904, 1258, 23, ''),
(905, 1298, 23, 'Pilih'),
(906, 1273, 24, 'Semoga gak milih yang ke 3 kalinya lagi buat hari ini, semangat kakak\" dan adik\" '),
(907, 1512, 23, ''),
(908, 262, 23, 'Pilih'),
(909, 1147, 23, ''),
(910, 1069, 24, 'Semoga jadi yang terpilih'),
(911, 1175, 23, ''),
(912, 108, 23, 'Jooosss, allee'),
(913, 790, 24, ''),
(914, 1162, 24, ''),
(915, 1242, 24, 'Jadilah pemimpin yang baik, jujur, amanah, dan ber akhlak'),
(916, 981, 23, 'Semoga menjadi Ketum yang amanah sampai akhir periode. Semoga rencana yang dijanjikan bisa terealisasikan semuanya. Semoga Formadiksi semakin sukses, aamiin'),
(917, 746, 24, ''),
(918, 1749, 23, ''),
(919, 787, 24, ''),
(920, 788, 24, ''),
(921, 1201, 24, ''),
(922, 1313, 23, '1.Muhammad Roziqin'),
(923, 1877, 24, ''),
(924, 1617, 23, ''),
(925, 1696, 23, ''),
(926, 1487, 24, 'semoga benar2 dilaksanakan dan menjadi formadiksi yang kekeluargaannya kuatt, menjadi lebih berprestasi dan kreatif'),
(927, 1410, 24, ''),
(928, 783, 24, ''),
(929, 1085, 23, ''),
(930, 1882, 24, 'Semoga bisa mengemban amanah untuk formadiksi polinema ke depannya sesuai dengan visi misi yang disebutkan.'),
(931, 1480, 24, 'Bertanggung jawablah dalam manemban amanah.'),
(932, 636, 23, 'Semoga amanah dan dapat membuat formadiksi lebih baik lagi dari segi proker maupun kepengurusan'),
(933, 1346, 23, 'Amanah'),
(934, 1828, 24, 'semoga amanah'),
(935, 1605, 24, '2'),
(936, 1772, 24, 'semangattt'),
(937, 1666, 23, 'Jika terpilih semoga bisa amanah. '),
(938, 1411, 24, 'Semoga Jadi'),
(939, 1081, 24, ''),
(940, 1493, 23, ''),
(941, 1833, 23, 'Semoga amanah ya mas'),
(942, 1625, 23, ''),
(943, 1706, 23, ''),
(944, 262, 24, 'Okee'),
(945, 1535, 23, 'Bisa membawa Formadiksi ke dimensi yang lebih baik dan amanah dalam setiap tindakan'),
(946, 1716, 23, ''),
(947, 262, 24, 'Okee'),
(948, 1653, 24, 'Semoga bisa amanah kak'),
(949, 1642, 23, 'Semoga Amanah'),
(950, 1581, 23, ':)'),
(951, 1572, 23, 'Semoga jadi pemimpin yg baik '),
(952, 1610, 23, 'Semoga amanah'),
(953, 1626, 23, ''),
(954, 1357, 23, 'Semoga lebih maju kedepannya '),
(955, 1603, 23, ''),
(956, 1122, 23, 'Semoga Amanah'),
(957, 1456, 23, '01.Muhammad Roziqin'),
(958, 1634, 23, 'Semangat'),
(959, 1420, 24, 'Semangat mbaa'),
(960, 1602, 23, 'Semoga kedepannya bisa memberikan semangat baru bagi formadiksi '),
(961, 1883, 23, ''),
(962, 1432, 24, ''),
(963, 1604, 23, 'semoga amanah '),
(964, 1330, 24, 'Semoga bisa menjadikan formadiksi polinema menjadi lebih baik lagi serta mampu melaksanakan seluruh aktivitas yang dikatakan pada saat pemilihan...'),
(965, 1569, 24, '2'),
(966, 1629, 23, '1'),
(967, 1616, 23, ''),
(968, 612, 23, ''),
(969, 1026, 23, ''),
(970, 1299, 23, ''),
(971, 1564, 23, 'Bismillah amanah gae kabeh e'),
(972, 1278, 24, ''),
(973, 1097, 23, ''),
(974, 18, 24, ''),
(975, 262, 24, ''),
(976, 732, 24, 'Semoga bisa menjalankan amanah yang sudah diberikan dan semoga bisa merealisasiskan semua program kerja yang telah diusung'),
(977, 1500, 24, ''),
(978, 303, 23, 'Majukan formadiksi '),
(979, 992, 23, 'Roziqin'),
(980, 1452, 24, ''),
(981, 1296, 23, ''),
(982, 262, 24, ''),
(983, 1146, 23, ''),
(984, 1624, 23, 'Better'),
(985, 262, 23, 'Bismillah'),
(986, 1834, 23, ''),
(987, 1807, 24, ''),
(988, 816, 23, ''),
(989, 1754, 23, 'Jadikan proker formadiksi polinema terlaksana dengan baik'),
(990, 1568, 23, '1'),
(991, 1854, 23, 'Ketik disini:)'),
(992, 1630, 23, ''),
(993, 1792, 24, '-Mampu merealisasikan plan tentang proker-proker di masa yang akan datang yang yakin bahwa akan terlaksanakan dengan baik \r\n-Merangkul seluruh anggota kepengurusan Formadiksi '),
(994, 1843, 24, ''),
(995, 1829, 23, ':)'),
(996, 1417, 24, 'semoga dapat memajukan formadiksi'),
(997, 674, 23, ''),
(998, 1560, 23, ''),
(999, 1745, 23, ''),
(1000, 611, 23, 'Smoga amanah menjalankan tugas'),
(1001, 1596, 23, ''),
(1002, 1458, 23, 'Good luck'),
(1003, 1623, 23, ''),
(1004, 1233, 23, ''),
(1005, 1659, 23, ''),
(1006, 1405, 24, ''),
(1007, 1775, 23, 'semoga formadiksi polinema lebih baik ke depannya'),
(1008, 626, 23, ''),
(1009, 1593, 24, 'semangat, semoga menjaga amanah ya kakk'),
(1010, 1961, 23, ''),
(1011, 1741, 23, 'Semoga bisa menjalankan sebagai ketum yang terbaik'),
(1012, 1702, 23, 'Semoga Formadiksi Maju'),
(1013, 40, 23, 'Semoga Makin Jaya dan Terus kompak, semangat!!!'),
(1014, 1751, 23, 'Ok'),
(1015, 1679, 23, ''),
(1016, 1796, 23, 'Muhammad Roziqin'),
(1017, 1712, 23, 'Semoga formadiksi menjadi lebih maju dan baik lagi'),
(1018, 1766, 23, 'semoga amanah'),
(1019, 499, 24, 'semoga amanah'),
(1020, 1406, 24, '.'),
(1021, 1611, 24, 'Semoga Amanah kak, insyaaAllah'),
(1022, 920, 24, ''),
(1023, 1692, 24, 'bisa lebih baik'),
(1024, 1644, 23, 'semoga amanah'),
(1025, 1722, 23, 'Harapan saya semoga tidak mengecewakan dalam menjalankan Tugasnya sebagai Ketua Umum'),
(1026, 1615, 23, ''),
(1027, 1119, 24, ''),
(1028, 1215, 24, ''),
(1029, 391, 23, ''),
(1030, 1805, 24, ''),
(1031, 836, 23, ':)'),
(1032, 262, 23, ''),
(1033, 1746, 23, 'semoga FORMADIKSI POLINEMA selalu sukses ke depannya'),
(1034, 1639, 23, ''),
(1035, 1367, 24, 'Semoga jadi ketua yg amanah'),
(1036, 1819, 23, ''),
(1037, 1083, 23, 'semoga amanah dan tanggung jawab'),
(1038, 1740, 24, ''),
(1039, 1261, 23, ''),
(1040, 1705, 23, 'Semangat mazzeh'),
(1041, 1937, 24, ''),
(1042, 1840, 23, ''),
(1043, 1380, 23, ''),
(1044, 1783, 23, '1'),
(1045, 1734, 23, ':)'),
(1046, 655, 24, 'Enjoy aja yaa'),
(1047, 857, 24, ''),
(1048, 262, 23, 'No.1'),
(1049, 1753, 23, 'Mendapatkan pemimpin yang bertanggung jawab'),
(1050, 651, 24, 'Bismillahin aja'),
(1051, 1424, 24, 'Semoga yang saya pilih bisa menjalankan visi misi yang di sampaikan dan amanah,jujur dalam menjalankan tugas'),
(1052, 662, 24, 'semangat'),
(1053, 1910, 23, ''),
(1054, 1778, 24, ''),
(1055, 654, 24, 'hehe'),
(1056, 1465, 23, ''),
(1057, 1267, 23, ''),
(1058, 1533, 23, ''),
(1059, 1763, 23, 'Semoga amanah dalam mengemban tugas dan formadiksi lebih baik kedepannya'),
(1060, 1100, 23, '1'),
(1061, 262, 23, 'Semangat'),
(1062, 1132, 23, ''),
(1063, 1546, 23, 'Memajukan formadiksi dan menjaga nama baik forum'),
(1064, 1738, 23, ''),
(1065, 262, 23, ''),
(1066, 1055, 23, ''),
(1067, 1386, 24, ''),
(1068, 1491, 23, 'Semoga yang disemogakan tersemogakan '),
(1069, 262, 24, ''),
(1070, 262, 23, 'Semoga yang terbaik '),
(1071, 1891, 23, ''),
(1072, 1450, 24, ''),
(1073, 1595, 23, '1'),
(1074, 1832, 23, ''),
(1075, 1477, 24, 'Semoga kedepannya Formadiksi Polinema dapat menghasilkan mahasiswa yang berprestasi baik di bidang akademik maupun non akademik'),
(1076, 1864, 24, ':) '),
(1077, 1497, 24, '2'),
(1078, 316, 23, ''),
(1079, 262, 23, ''),
(1080, 681, 23, 'Semoga bisa mengemban amanah dengan sebaik-baiknya'),
(1081, 1240, 23, 'Semoga menjadi ketum formadiksi yg amanah dan bertanggung jawab '),
(1082, 1498, 23, 'Semoga bisa menjalankan tugas dengan baik.'),
(1083, 1079, 23, ''),
(1084, 752, 23, 'Semoga menjadi ketua yang lebh baik '),
(1085, 104, 23, ''),
(1086, 1652, 23, ''),
(1087, 1627, 23, '1'),
(1088, 1088, 23, 'Semoga jika terpilih,amanah'),
(1089, 934, 23, ''),
(1090, 701, 24, 'Semoga amanah ya'),
(1091, 1290, 24, ''),
(1092, 1441, 23, 'Semoga menjadi pemimpin yang amanah, sehingga dapat membawa yang dipimpin menjadi lebih baik lagi.'),
(1093, 1686, 23, ''),
(1094, 1065, 23, ''),
(1095, 1862, 23, ''),
(1096, 1072, 23, 'Semoga menjadi ketua yang bijaksana, bisa membawa perubahan yang lebih baik, pemikiran baru motivasi baru semangat baru '),
(1097, 1757, 23, 'Semangat masseh '),
(1098, 1606, 23, 'Pilih'),
(1099, 744, 23, ''),
(1100, 1817, 23, '1'),
(1101, 1912, 23, 'Semoga bisa bertanggung jawab atas amanat yang diemban. '),
(1102, 1598, 23, ''),
(1103, 1699, 24, ''),
(1104, 802, 23, ''),
(1105, 1176, 24, 'semoga amanah'),
(1106, 1654, 23, 'Umumnya seorang pemimpin adalah laki laki'),
(1107, 1919, 23, 'Semoga menjadi pemimpin yg amanah dan bertanggung jawab'),
(1108, 1054, 23, ''),
(1109, 1205, 24, 'ya Allah'),
(1110, 1927, 23, 'Semoga Formadiksi kedepannya semakin jaya sukses selalu'),
(1111, 1621, 23, ''),
(1112, 1151, 24, ''),
(1113, 1325, 23, 'Roni'),
(1114, 1718, 23, ''),
(1115, 262, 23, '1'),
(1116, 1948, 23, 'Semoga harapannya tercapaii:)'),
(1117, 319, 23, ''),
(1118, 1164, 23, ''),
(1119, 1797, 23, ''),
(1120, 720, 24, 'Semoga amanah dan semoga program yang dijalankan berhasil.'),
(1121, 1374, 23, ''),
(1122, 613, 23, 'Semoga bisa menjadi pemimpin yang amanah, bisa menjadi panutan untuk para anggotanya.'),
(1123, 262, 23, ''),
(1124, 1289, 23, ''),
(1125, 1474, 24, 'Semoga sukses terus menjadi Ketua Bidikmis Polinema'),
(1126, 262, 23, ''),
(1127, 1955, 23, ''),
(1128, 1148, 24, 'Semoga suksess dan bisa amanah'),
(1129, 1967, 23, 'Semoga yang terbaik pokoknya '),
(1130, 1118, 24, ''),
(1131, 262, 24, ''),
(1132, 795, 24, ''),
(1133, 1547, 23, ''),
(1134, 262, 23, 'Jos'),
(1135, 1539, 24, ''),
(1136, 1045, 23, ''),
(1137, 1714, 24, ''),
(1138, 1520, 23, ''),
(1139, 1295, 24, 'semogaa bisa menjadi pemimpin yang amanah'),
(1140, 1667, 23, ''),
(1141, 1529, 24, ''),
(1142, 1789, 23, ''),
(1143, 1584, 23, 'Semoga amanah, aamiinðŸ™'),
(1144, 1127, 23, ''),
(1145, 1312, 23, 'Semoga amanah'),
(1146, 780, 23, 'Harus tegas n disiplin'),
(1147, 1700, 23, ''),
(1148, 1703, 24, ''),
(1149, 1245, 23, ''),
(1150, 1869, 23, 'Mampu menjalankan semua misi, mampu menampung aspirasi semua mahasiswa, mampu menjalankan semua program dengan baik, dan amanah'),
(1151, 1302, 23, ''),
(1152, 262, 23, ''),
(1153, 262, 23, 'Mampu menjalankan amanah dengan baik, mewujudkan semua misi, menjalankan program dengan baik, dan menampung semua aspirasi mahasiswa dengan baik'),
(1154, 1826, 23, ''),
(1155, 1799, 23, 'Semoga bisa menjadikan formadiksi Polinema lebih baik, dan dipandang baik di lingkungan eksternal.'),
(1156, 1259, 23, ''),
(1157, 1946, 23, 'semoga bisa amanah'),
(1158, 1906, 23, 'Bismillah amanah'),
(1159, 1861, 24, 'Semoga amanah dan selamat berprogress:))'),
(1160, 961, 23, ''),
(1161, 1360, 23, 'loss massze'),
(1162, 1949, 23, 'Semoga sukses selalu untuk kedepannya'),
(1163, 1048, 23, '1'),
(1164, 262, 23, '1'),
(1165, 1918, 23, 'Semoga amanah'),
(1166, 1257, 23, ''),
(1167, 634, 24, ''),
(1168, 1670, 23, 'Semoga proker\" terlaksana'),
(1169, 262, 23, 'Semoga Formadiksi polinema bisa mencapai tujuan '),
(1170, 1675, 23, 'Semoga Formadiksi Polimema dapat mencapai tujuan'),
(1171, 1917, 23, 'Semoga amanah yaa'),
(1172, 262, 23, '1'),
(1173, 1019, 23, 'Yes'),
(1174, 1729, 24, 'Semoga amanah'),
(1175, 1641, 23, ''),
(1176, 1038, 23, 'Okee'),
(1177, 262, 23, 'Okeee'),
(1178, 1932, 24, ''),
(1179, 1025, 23, 'Semangatt tummmâ¤'),
(1180, 1915, 23, 'good job'),
(1181, 262, 23, ''),
(1182, 804, 23, ''),
(1183, 1209, 23, ''),
(1184, 740, 23, 'Semoga sukses '),
(1185, 607, 24, ''),
(1186, 1877, 23, ''),
(1187, 1833, 23, '-'),
(1188, 1931, 25, ''),
(1189, 373, 23, 'Agus Budi Santoso'),
(1190, 1806, 23, 'Semangatt'),
(1191, 1897, 23, 'Semoga lebih baik'),
(1192, 775, 23, 'semoga amanah dan bisa merangkul temanÂ²nya'),
(1193, 1723, 23, ''),
(1194, 1001, 24, ''),
(1195, 658, 23, 'semoga siapapun yang terpilih nanti dapat menjalankan tugasnya dengan baik dan amanah ðŸ’›'),
(1196, 1717, 25, ''),
(1197, 1569, 25, 'Semoga formadiksii lebih maju kedepannya. Berharap bisa membuat acara yang lebih seruu'),
(1198, 504, 24, 'Gas keun'),
(1199, 607, 24, ''),
(1200, 1147, 23, 'Bisa menjadi pemimpin yang amanah'),
(1201, 1449, 23, 'Semoga menjadi pemimpin yang amanah dan bertanggung jawab'),
(1202, 1878, 23, 'harapannya semoga bisa membawa formadiksi ke arah yang lebih baik lagi dan bisa menganyomi mahasiswa formadiksi '),
(1203, 939, 24, 'info party'),
(1204, 1616, 25, 'semoga bisa menjadikan formadiksi lebih baik kedepannya dan memberikan inovasi proker buat kedepannya'),
(1205, 1687, 23, 'Amanah!'),
(1206, 0, 25, 'Semoga formadiksii lebih maju kedepannya '),
(1207, 781, 24, 'Siapapun yang terpilih semoga dapat menjadi ketua umum yang amanah dalam mengemban tugas'),
(1208, 740, 23, 'Semoga amanah om'),
(1209, 1036, 25, 'Semoga jika terpilih bisa menjalankan amanah'),
(1210, 991, 25, ''),
(1211, 1022, 25, 'Semoga ketum terpilih dapat menjalankan amanah dan membawa perubahan yang lebih baik untuk formadiksi polinema '),
(1212, 315, 23, 'semangattttttttttttt'),
(1213, 1103, 23, 'Semangat tum'),
(1214, 1697, 23, ''),
(1215, 1321, 25, ''),
(1216, 1832, 24, ''),
(1217, 1177, 23, ''),
(1218, 1601, 23, ''),
(1219, 1738, 25, 'goodjob'),
(1220, 1355, 25, ''),
(1221, 1277, 23, 'Semoga dapat amanah dan bertanggung jawab dengan tugasnya'),
(1222, 911, 25, 'Semangat '),
(1223, 914, 23, '.'),
(1224, 770, 23, 'Semoga amanah. Dan semangat'),
(1225, 1880, 23, ''),
(1226, 1487, 23, 'Semangat buat masnya semoga bisa menjadi ketum yg bisa memajukan formadiksi jauh lebih dari tahun sebelumnya'),
(1227, 1716, 25, 'Semoga visi misi berjalan sesuai keinginan'),
(1228, 1876, 23, 'Semoga FORMADIKSI semakin jaya dan lebih baik kedepannya, kompak dan kekeluargaannya semakin erat'),
(1229, 255, 24, '-'),
(1230, 1787, 23, ''),
(1231, 1894, 25, 'Semoga Amanah, Terimakasih'),
(1232, 1109, 23, ''),
(1233, 1115, 25, ''),
(1234, 1457, 23, ''),
(1235, 600, 25, 'Semoga amanah, jadi mahasiswa kipk yang berprestasi, sesama warga reog saya harap anda bisa memperbaiki nama buruk Ponorogo dengan prestasi yang anda berikan kedepannya. Semangat selalu'),
(1236, 0, 23, '. '),
(1237, 1437, 25, ''),
(1238, 1652, 25, '3'),
(1239, 1727, 23, 'Semoga bisa mengemban amanah dengan baik'),
(1240, 1467, 25, 'semoga dapat menjalankan amanah dengan baik'),
(1241, 76, 23, 'Saya harap ketua umum baru lebih berani dalam mengambil keputusan dan mengambil setiap risikonya, dengan tetap mempertimbangkan hal hal yang mungkin terjadi. Serta komunikatif dengan alumni, demisioner'),
(1242, 1593, 23, ''),
(1243, 673, 23, ''),
(1244, 1823, 24, ''),
(1245, 1917, 23, ''),
(1246, 1816, 24, 'Semoga bisa menjalankan tugas dengan baik'),
(1247, 829, 25, ''),
(1248, 1665, 23, ''),
(1249, 1665, 23, ''),
(1250, 1798, 23, ''),
(1251, 1044, 24, ''),
(1252, 1544, 25, 'MOGA MOGA MBAK SEPTIII JADI KETUM YAALLAH. AAMIIN'),
(1253, 1749, 25, ''),
(1254, 1900, 25, ''),
(1255, 1887, 23, ''),
(1256, 1696, 23, 'Semoga bisa amanah dan membawa formadiksi menjadi lebih baik kedepannya '),
(1257, 1883, 23, ''),
(1258, 1718, 23, 'program kerja dapat berdampak positif kepada seluruh mahasiswa dan mahasiswi bidikmisi, serta dapat ikut berperan aktif untuk formadiksi yang lebih baik'),
(1259, 1039, 25, ''),
(1260, 1465, 25, 'Jelas lahh formadiksi semakin joss'),
(1261, 893, 23, 'SEMANGATTTTTTðŸ¥³ðŸ¥³'),
(1262, 254, 23, ''),
(1263, 1168, 25, ''),
(1264, 1678, 25, ''),
(1265, 1540, 23, 'Semoga kedepannya apa yang belum tercapai pada tahun sebelumnya akan tercapai dan bisa membawa formadiksi polinema menjadi inspiratif bagi mahasiswa polinema lainnya. '),
(1266, 1476, 23, ''),
(1267, 1013, 23, 'Semangat'),
(1268, 1699, 23, ''),
(1269, 1344, 25, 'semoga jd ketua yang amanah dg tanggungjawab ðŸ’—'),
(1270, 1571, 23, ''),
(1271, 1208, 24, 'semoga membawa formadiksi ke arah yang lebih baik lagi'),
(1272, 1595, 24, ''),
(1273, 1600, 24, ''),
(1274, 1402, 25, ''),
(1275, 1813, 24, ''),
(1276, 915, 24, ''),
(1277, 1556, 25, ''),
(1278, 0, 25, ''),
(1279, 1874, 24, 'Semoga dengan terpilihnya ketua umum yang baru dapat lebih mengembangkan formadiksi lebih baik lagi dan lebih banyak kreativitas serta bantuan informasi untuk mahasiswa umum'),
(1280, 0, 24, 'semoga semakin baik kedepannya '),
(1281, 1753, 23, 'Jangan lupa sama visi misi dan janji'),
(1282, 1680, 24, 'Mampu menjadi wadah untuk menampung dan menyalurkan aspirasi Mahasiswa Bidikmisi/KIP Kuliah dan Afirmasi Pendidikan Polinema.'),
(1283, 1773, 25, ''),
(1284, 1657, 24, ''),
(1285, 1653, 23, 'semoga bisa amanah dan menjadikan formadiksi polinema lebih baik lagii, semangaat <â (â ï¿£â ï¸¶â ï¿£â )â >'),
(1286, 0, 23, 'Sehat selalu '),
(1287, 1282, 25, ''),
(1288, 1286, 23, 'agussss'),
(1289, 1283, 24, ''),
(1290, 1357, 24, 'Memperbaiki tampilan UI/UX web yang digunakan untuk umum dalam kegiatan formadiksi.'),
(1291, 1613, 23, ''),
(1292, 1462, 25, 'semoga bisa mengemban amanah dengan baik '),
(1293, 1398, 23, ''),
(1294, 327, 23, 'Go agus'),
(1295, 1582, 23, ''),
(1296, 923, 25, ''),
(1297, 0, 25, ''),
(1298, 229, 25, 'Semangat ðŸ”¥ðŸ”¥'),
(1299, 0, 25, ''),
(1300, 908, 23, 'Semoga Formadiksi Polinema akan menjadi organisasi yang lebih baik dari sebelumnya.'),
(1301, 1023, 23, ''),
(1302, 1429, 23, ''),
(1303, 1853, 25, 'GG gaming'),
(1304, 0, 25, 'GG gaming'),
(1305, 1469, 23, ''),
(1306, 0, 23, ''),
(1307, 316, 23, 'Semoga amanah menjadi ketum'),
(1308, 1852, 24, 'semoga amanah'),
(1309, 1573, 23, 'Semoga dapat menjalankan tugas dengan baik ðŸ™'),
(1310, 1030, 23, ''),
(1311, 1513, 23, ''),
(1312, 1906, 25, ''),
(1313, 139, 23, ''),
(1314, 1636, 0, ''),
(1315, 1721, 25, 'pokok sing terbaikk jangan mengecewakan:)'),
(1316, 1722, 23, ''),
(1317, 778, 23, ''),
(1318, 1780, 25, 'Menjadi lebih baik'),
(1319, 1622, 23, 'Hey hey not bad'),
(1320, 1009, 23, 'Semoga amanah dan menjadi pemimpin layaknya nabi Muhammad '),
(1321, 956, 25, 'aku tuh suka kamu tapi kamu tuh gk peka bet dah\r\n'),
(1322, 1630, 24, 'Semoga formadiksi lebih baik kedepannya'),
(1323, 945, 25, 'Saya mempercayakan anda\r\n\r\nSemoga dapat memberikan perubahan di formadiksi kedepannya'),
(1324, 1901, 23, 'Menjadi pemimpin yang bijak'),
(1325, 1641, 24, ''),
(1326, 795, 23, 'Semoga amanah dalam menjadi ketum Formadiksi, semangatt'),
(1327, 1029, 25, 'Semoga dapat menjalankan tugas dan kewajiban dengan baikðŸ‘'),
(1328, 1869, 23, 'semoga formadiksi semakin maju'),
(1329, 1256, 23, 'Semoga pilihan yg tepat untuk formadiksi kedepannya '),
(1330, 1576, 23, '1'),
(1331, 1031, 23, 'Harapan saya semoga Formadiksi Polinema menjadi lebih maju lagi. Apapun yang masih menjadi kekurangan di Formadiksi Polinema sebelum-sebelumnya, diharapkan dapat diperbaiki dengan cara yang baik dan apa yang sudah baik harus terus ditingkatkan (upgrade) d'),
(1332, 1440, 23, 'Semoga menjadi pemimpin yang amanah dan membuat formadiksi lebih maju lagi. serta bisa menjadi jembatan bagi anggota KIP/bidikmisi dan afirmasi polinema'),
(1333, 1805, 23, 'iyaa'),
(1334, 1847, 25, 'dengan saya memilih ketua umum yg baru semoga bisa membawa formadiksi untuk menjadi organisasi yg sehat, solid, berwawasan, dan bertanggung jawab :))'),
(1335, 379, 23, 'Semoga amanah, menjadi ketum yg lebih baik dr periode sblmnya '),
(1336, 198, 23, ''),
(1337, 936, 23, 'Semangatt, laksanakan tugas dengan baikk'),
(1338, 519, 23, 'Amanah\r\n\r\n'),
(1339, 514, 23, ''),
(1340, 661, 23, 'semoga bisa membawa formadiksi lebih baik lagi kedepannya, semoga amanah :)'),
(1341, 1543, 25, ''),
(1342, 1726, 23, 'Semoga memimpin formadiksi dengan baik'),
(1343, 1536, 25, ''),
(1344, 889, 23, 'Jadikan Formadiksi lebih baik lagi daripada sebelumnya '),
(1345, 1792, 23, 'Semoga dapat menjadikan formadiksi lebih baik lagi untuk kedepannya '),
(1346, 1925, 25, 'Semoga berkah:)'),
(1347, 1107, 25, 'Semoga kedepannya lebih baik lagi'),
(1348, 525, 25, ''),
(1349, 1891, 23, ''),
(1350, 0, 23, 'Jadikan Formadiksi lebih baik lagi daripada sebelumnya '),
(1351, 955, 24, 'Kamu tuh ganteng banget sih mas....... ih gemes'),
(1352, 1777, 23, 'Agus Budi Santoso '),
(1353, 1761, 23, 'smoga amanah nggih bapak budi'),
(1354, 1264, 25, 'Semangat mbak sep semoga amanah :) love you'),
(1355, 1768, 24, '1'),
(1356, 1404, 23, ''),
(1357, 1592, 24, 'Semoga menjadi pemimpin yang amanah dalam menjalankan tugas dengan menerapkan nilai-nilai kepemimpinan Rasulullah, bismillah semangatâœ¨'),
(1358, 675, 25, 'Semoga amanah '),
(1359, 1675, 25, ''),
(1360, 944, 25, 'Semoga amanah dalam mengemban tugas'),
(1361, 779, 24, ''),
(1362, 1764, 25, '3'),
(1363, 1640, 23, 'semoga Terpilih, dan ketika terpilih mohon menjalankan tugas dengan sebaik-baiknya terimakasih '),
(1364, 1784, 23, '1'),
(1365, 1775, 25, ''),
(1366, 1736, 24, ''),
(1367, 0, 24, ''),
(1368, 1829, 25, 'semoga bisa menjadi pemimpin yang baik yaa'),
(1369, 1067, 23, ''),
(1370, 1839, 23, 'PILIH'),
(1371, 1803, 24, 'Semoga Formadiksi Polinema dapat menjadi lebih baik untuk kedepannya'),
(1372, 1790, 24, ''),
(1373, 1463, 25, 'Sebelum kamu menjadi seorang pemimpin, sukses adalah tentang menumbuhkan dirimu sendiri. Ketika kamu menjadi seorang pemimpin, kesuksesan adalah tentang menumbuhkan orang lain.'),
(1374, 1547, 25, ''),
(1375, 834, 24, ''),
(1376, 1668, 23, ''),
(1377, 1087, 24, ''),
(1378, 1774, 24, ''),
(1379, 1092, 23, ':( --> :)'),
(1380, 1419, 24, ''),
(1381, 1460, 25, 'semoga amanah yaa :)'),
(1382, 1497, 23, ''),
(1383, 1936, 23, ''),
(1384, 1520, 23, 'Semoga berjalan dengan lancar dan baik'),
(1385, 1902, 23, ''),
(1386, 1562, 23, 'Saya harap siapapun yang terpilih untuk menjadi ketua dapat melaksanakan tugasnya dengan baik'),
(1387, 1662, 25, 'membawa Formadiksi polinema lebih baik lagi'),
(1388, 1194, 25, 'semoga dengan terpilihnya ketua umum yang baru bisa membawa formadiksi kedepannya kearah yang lebih baik dari sebelumnya baik dari segi proker, agenda, dan untuk mahasiswa kip-k semua'),
(1389, 1752, 25, ''),
(1390, 1835, 23, 'Semoga bisa membawa formadiksi lebih baik lagi'),
(1391, 1607, 23, ''),
(1392, 938, 25, ''),
(1393, 660, 24, ''),
(1394, 1135, 23, 'Apabila terpilih menjadi Ketua Umum Formadiksi semoga bisa amanah dalam mengemban tanggung jawabnya. Aamiin'),
(1395, 1815, 25, ''),
(1396, 1608, 23, 'Semoga apa yang menjadi visi dan misi tercapai dan terlaksana dengan baik'),
(1397, 239, 25, 'Siapapun yang terpilih semoga menjadikan Formadiksi Polinema lebih baik kedepannya.. '),
(1398, 1557, 25, ''),
(1399, 1597, 24, ''),
(1400, 930, 24, 'Coblos'),
(1401, 1019, 23, ''),
(1402, 1679, 23, ''),
(1403, 0, 23, ''),
(1404, 257, 25, ''),
(1405, 0, 25, ''),
(1406, 1637, 24, ''),
(1407, 1018, 24, 'amanah ya'),
(1408, 1898, 23, 'semoga amanah dan mampu menjalankan visi misi sesuai dengan apa yang diharapkan'),
(1409, 1849, 25, 'Semoga amin'),
(1410, 1924, 23, ''),
(1411, 1694, 23, 'semoga visi dan misinya tercapai dan semakin sukses untuk semua anggota serta pengurus KIP K khususnya Formadiksi Polinema'),
(1412, 1754, 25, 'Semoga amanah dan tetap semangat '),
(1413, 1793, 25, 'Semoga menjadi pemimpin yang amanah'),
(1414, 1114, 24, ''),
(1415, 1610, 23, 'Semoga dapat membangkitkan semangat dan kinerja pengurus formadiksi selanjutnya menjadi lebih aktif lagi juga memiliki kesadaran yang tinggi akan berorganisasi\r\n'),
(1416, 1530, 24, 'Semoga bertanggung jawab,disiplin,tegas,jujur atas tugas yang diberikan, dan menjadikan formadiksi selalu menjadi yang terdepan untuk anak bidikmisi polinema '),
(1417, 1850, 23, 'Semogo visi dan misinya dapat berjalan dgn baik'),
(1418, 1509, 23, ''),
(1419, 1585, 24, ''),
(1420, 1014, 23, ''),
(1421, 1918, 23, 'Memiliki vis dan misi yg menurut saya mapan'),
(1422, 0, 0, 'Memiliki vis dan misi yg menurut saya mapan'),
(1423, 1908, 23, ''),
(1424, 1108, 25, ''),
(1425, 1511, 23, '.'),
(1426, 1725, 23, ''),
(1427, 1026, 23, ''),
(1428, 1643, 24, 'ðŸ‘ðŸ‘'),
(1429, 1549, 23, '1'),
(1430, 384, 25, '3'),
(1431, 454, 23, 'Semoga formadiksi semakin maju ..banyak proker baru'),
(1432, 401, 24, ''),
(1433, 175, 24, ''),
(1434, 1647, 23, ''),
(1435, 1055, 24, ''),
(1436, 397, 25, '3'),
(1437, 1184, 23, 'Semoga amanahh'),
(1438, 151, 24, ''),
(1439, 1834, 25, 'Semoga amanah'),
(1440, 202, 25, ''),
(1441, 1899, 23, 'semoga formadiksi semakin jaya'),
(1442, 418, 23, 'Sukses terus ketum baru'),
(1443, 1842, 23, 'Lebih baik'),
(1444, 1447, 25, ''),
(1445, 551, 23, '.'),
(1446, 925, 25, 'Aku tuh suka. Kamu tapi kamu nya gk peka '),
(1447, 1512, 23, 'Semoga bisa amanah dalam menjalankan tugas '),
(1448, 1010, 0, ''),
(1449, 1444, 25, 'Semoga dapat memimpin dengan baik, dan dapat mewujudkan visi dan misi dari formadiksi'),
(1450, 521, 23, ''),
(1451, 1795, 23, ''),
(1452, 1027, 23, '1'),
(1453, 1759, 25, ''),
(1454, 0, 23, '1'),
(1455, 1096, 24, ''),
(1456, 1802, 24, ''),
(1457, 681, 24, ''),
(1458, 1831, 23, ''),
(1459, 0, 24, 'Semoga semakin jaya '),
(1460, 1097, 25, ''),
(1461, 1397, 25, ''),
(1462, 1567, 23, '.'),
(1463, 1008, 25, ''),
(1464, 1663, 23, ''),
(1465, 1814, 24, ''),
(1466, 1566, 23, 'Semoga amanah atas tugas yang diemban'),
(1467, 0, 23, ''),
(1468, 1538, 24, '...'),
(1469, 1491, 25, '-'),
(1470, 1541, 24, ':)'),
(1471, 1938, 23, 'Semoga amanah ya kak, semangat! '),
(1472, 1837, 23, ''),
(1473, 610, 24, ''),
(1474, 1669, 25, ''),
(1475, 1199, 25, 'Semoga Amanah dan tetap semangatðŸ”¥ðŸ”¥'),
(1476, 1481, 23, ''),
(1477, 537, 23, 'Semangatt, semoga menjadi ketum yg amanah '),
(1478, 1732, 25, 'Semoga Formadiksi semakin jaya!'),
(1479, 1443, 23, ''),
(1480, 1155, 24, ''),
(1481, 838, 23, 'Wujudkan visi dan misi dengan penuh harapan dan semangat'),
(1482, 1702, 23, 'evaluasi dimasa mendatang untuk lebih baik lagi');
INSERT INTO `tbl_harapan` (`id_harapan`, `id_user`, `id_calon`, `harapan`) VALUES
(1483, 520, 23, 'Semoga amanah dan menjadikan Formadiksi lebih baik dari segi internal maupun eksternal\r\nSemangat untuk Periode 2023/2024'),
(1484, 335, 25, ''),
(1485, 1212, 25, 'Semoga sukses'),
(1486, 472, 25, ''),
(1487, 1212, 25, 'Semoga sukses'),
(1488, 1609, 24, ''),
(1489, 1620, 23, 'Semoga semua visi dan misi dapat berjalan sesuai dengan rencana dan ketika menjabat dapat lebih memajukan dan memberikan wadah bagi seluruh mahasiswa kip k dan afirmasi pendidikan'),
(1490, 1204, 24, 'Semoga amanah ya brayy'),
(1491, 32, 23, ''),
(1492, 20, 24, ''),
(1493, 1579, 25, 'semoga formadiksi bisa lebih baik ke depan nya, semoga formadiksi bisa dijadikan wadah untuk membentuk karakter diri yang ada pada diri sehingga didapat mahasiswa Bidikmisi/KIP Kuliah dan Afirmasi Polinema yang berprestasi'),
(1494, 1655, 23, ''),
(1495, 0, 25, 'semoga formadiksi lebih baik lagi kedepannya '),
(1496, 1033, 25, ''),
(1497, 1120, 25, '3'),
(1498, 1317, 24, ''),
(1499, 1450, 24, ''),
(1500, 1693, 24, 'Gud luck'),
(1501, 851, 23, 'be better, semoga amanah'),
(1502, 190, 23, 'semoga amanah yaaa, kalau pun gak jadi,tetap mengabdi dan membantu untuk membangun formadiksi yaa'),
(1503, 0, 23, 'yh'),
(1504, 1779, 24, 'Pokoknya mas ini'),
(1505, 1343, 24, 'Amanah'),
(1506, 1937, 23, 'semoga menjadi pemimpin yang baik dan menjalankan visi misi dengan bijaksana, semangattðŸ’ªðŸ»ðŸ‘ðŸ»'),
(1507, 869, 23, ''),
(1508, 1085, 24, 'Semoga menjadikan formadiksi lebih baik'),
(1509, 1505, 25, ''),
(1510, 1331, 25, 'Semoga formadiksi lebih baik kedepannya\r\n'),
(1511, 1032, 23, 'Semangat'),
(1512, 547, 23, ''),
(1513, 1904, 23, 'Semoga sukses'),
(1514, 922, 23, ''),
(1515, 562, 23, '1'),
(1516, 1619, 23, 'Semoga amanah yang didapat dijalankan dengan baik nantinya'),
(1517, 1851, 24, ''),
(1518, 1126, 23, ''),
(1519, 749, 23, 'Agus Budi Santoso '),
(1520, 1230, 23, ''),
(1521, 130, 23, ''),
(1522, 1553, 23, 'Semoga amanah dalam menjalankan tugas dan mampu memberikan inovasi bagi program formadiksi ke depannya serta dapat merealisasikan visi dan misi yang telah dipaparkan'),
(1523, 1034, 23, 'Semangat Budii, Aku percaya kan pimpinan Formadiksi kedepan akan sesuai dengan visi dan misi  Berusaha lah jangan buat kecewa yg memilihmu'),
(1524, 1810, 24, ''),
(1525, 1064, 24, 'Semoga amanah aamiin'),
(1526, 1139, 24, 'Semoga Dapat menjalankan yang terbaik'),
(1527, 1445, 25, 'Semoga bertanggung jawab dan amanah dalam menjalankan tugasnya'),
(1528, 1017, 23, ''),
(1529, 657, 24, 'Semoga bisa menjadikan formadiksi Polinema menjadi lebih baik lagi '),
(1530, 1825, 24, ''),
(1531, 693, 24, 'Semoga bisa menjadi pemimpin yang bertanggung jawab kedepannya'),
(1532, 747, 23, ''),
(1533, 1570, 23, 'Semoga bisa amanah dalam menjalankan tugasnya, dan menjadikan formadiksi sebagai organisasi yang lebih baik lagi kedepannya'),
(1534, 1916, 23, 'semoga jadi presiden Indonesia '),
(1535, 994, 23, ''),
(1536, 1351, 25, ':)'),
(1537, 896, 24, '. '),
(1538, 1182, 25, 'Tolong amanah dan lebih dirangkul lagi fungsionarisnya'),
(1539, 1202, 24, 'moga amanahðŸ™'),
(1540, 919, 23, 'Semagat'),
(1541, 0, 25, ''),
(1542, 853, 23, '1'),
(1543, 1082, 25, 'semoga lebih baik kedepannya'),
(1544, 1164, 23, ''),
(1545, 1692, 24, 'semoga bisa mengemban amanah dengan baik ya mas, semangat :)'),
(1546, 1642, 25, ''),
(1547, 1848, 25, 'gg geming'),
(1548, 777, 23, ''),
(1549, 1845, 25, 'mantapp'),
(1550, 1405, 23, ''),
(1551, 1809, 23, ''),
(1552, 1701, 25, 'semoga amanah'),
(1553, 1554, 25, '.'),
(1554, 1366, 25, ''),
(1555, 1748, 23, '1'),
(1556, 0, 25, '3'),
(1557, 758, 23, 'Kip e ndg cair sak durung e kuliah e mulai'),
(1558, 1475, 23, ''),
(1559, 1812, 24, 'Semoga bisa menjalankan amanahnya dan bertanggung jawab'),
(1560, 940, 25, ''),
(1561, 1080, 25, ''),
(1562, 1080, 25, ''),
(1563, 1080, 25, ''),
(1564, 0, 25, 'Congsratss'),
(1565, 1639, 24, ''),
(1566, 1094, 25, ''),
(1567, 1101, 24, ''),
(1568, 1922, 25, ''),
(1569, 949, 24, ''),
(1570, 0, 24, ''),
(1571, 1132, 24, ''),
(1572, 1233, 23, ''),
(1573, 1253, 24, ''),
(1574, 1116, 24, ''),
(1575, 1185, 23, 'Agus Budi Santoso '),
(1576, 1739, 25, 'semoga dapat adil'),
(1577, 1819, 0, ''),
(1578, 1325, 24, ''),
(1579, 1755, 25, 'Semoga amanah'),
(1580, 1743, 24, 'Semoga dapat mengayomi dan menyalurkan aspirasi mahasiswa bidimkisi polinema dengan amanah. '),
(1581, 1715, 23, ''),
(1582, 1711, 24, ''),
(1583, 1564, 24, ''),
(1584, 1259, 23, ''),
(1585, 1882, 23, ''),
(1586, 1785, 24, ''),
(1587, 1872, 23, ''),
(1588, 1632, 24, 'Semoga sukses'),
(1589, 0, 23, 'Semoga menjadi ketum yang amanah'),
(1590, 1281, 23, ''),
(1591, 1929, 25, ''),
(1592, 0, 25, 'Semoga amanah '),
(1593, 1580, 25, ''),
(1594, 571, 23, 'Semoga amanah. Visi misinya berjalan lancar ya'),
(1595, 1555, 23, 'Milih aja'),
(1596, 1645, 25, ''),
(1597, 1290, 25, ''),
(1598, 1586, 25, 'semoga dengan dipilihnya ketua formadiksi yang baru dapat menjadikan formadiksi lebih sukses dan berjaya lagi'),
(1599, 1198, 23, ''),
(1600, 1598, 23, ''),
(1601, 1905, 24, ''),
(1602, 240, 25, ''),
(1603, 1002, 23, 'Semoga Amanah Guss'),
(1604, 1417, 24, ''),
(1605, 388, 24, ''),
(1606, 590, 23, ''),
(1607, 1176, 23, ''),
(1608, 234, 23, '-'),
(1609, 1783, 25, ''),
(1610, 495, 23, 'Ok'),
(1611, 1464, 25, ''),
(1612, 1260, 24, 'semoga amanah dan informatif'),
(1613, 1612, 25, 'Semoga amanah\r\n'),
(1614, 1178, 25, ''),
(1615, 524, 24, ''),
(1616, 1840, 25, 'Semoga nanti bisa menjadi ketua yang mengayomi anggota kak'),
(1617, 1401, 24, ''),
(1618, 1907, 24, ''),
(1619, 1425, 23, '1'),
(1620, 1928, 23, 'Semoga dapat mengemban tugas dengan bijak'),
(1621, 1575, 24, ''),
(1622, 550, 23, 'Semoga menjadi pemimpin yang amanah '),
(1623, 1863, 25, ''),
(1624, 1542, 25, ''),
(1625, 656, 24, '2'),
(1626, 1119, 25, 'Semogaa amanah amin'),
(1627, 1857, 23, 'Semoga dapat menjadi ketum yang amanah dan dapat mengharumkan nama baik formadiksi '),
(1628, 1674, 24, '2'),
(1629, 1265, 25, ''),
(1630, 819, 25, ''),
(1631, 741, 25, 'Semoga amanah dan bisa membawa perubahan untuk Formadiksi Polinema kedepannya ðŸ™');

-- --------------------------------------------------------

--
-- Struktur dari tabel `tbl_penampung`
--

CREATE TABLE `tbl_penampung` (
  `id_penampung` int(11) NOT NULL,
  `id_user` int(11) NOT NULL,
  `id_calon` int(10) NOT NULL,
  `nampung` int(11) NOT NULL
) ENGINE=MyISAM DEFAULT CHARSET=latin1;

--
-- Dumping data untuk tabel `tbl_penampung`
--

INSERT INTO `tbl_penampung` (`id_penampung`, `id_user`, `id_calon`, `nampung`) VALUES
(1186, 1877, 23, 1),
(1187, 1833, 23, 1),
(1188, 1931, 25, 1),
(1189, 373, 23, 1),
(1190, 1806, 23, 1),
(1191, 1897, 23, 1),
(1192, 775, 23, 1),
(1193, 1723, 23, 1),
(1194, 1001, 24, 1),
(1195, 658, 23, 1),
(1196, 1717, 25, 1),
(1197, 1569, 25, 1),
(1198, 504, 24, 1),
(1199, 607, 24, 1),
(1200, 1147, 23, 1),
(1201, 1449, 23, 1),
(1202, 1878, 23, 1),
(1203, 939, 24, 1),
(1204, 1616, 25, 1),
(1205, 1687, 23, 1),
(1206, 0, 25, 1),
(1207, 781, 24, 1),
(1208, 740, 23, 1),
(1209, 1036, 25, 1),
(1210, 991, 25, 1),
(1211, 1022, 25, 1),
(1212, 315, 23, 1),
(1213, 1103, 23, 1),
(1214, 1697, 23, 1),
(1215, 1321, 25, 1),
(1216, 1832, 24, 1),
(1217, 1177, 23, 1),
(1218, 1601, 23, 1),
(1219, 1738, 25, 1),
(1220, 1355, 25, 1),
(1221, 1277, 23, 1),
(1222, 911, 25, 1),
(1223, 914, 23, 1),
(1224, 770, 23, 1),
(1225, 1880, 23, 1),
(1226, 1487, 23, 1),
(1227, 1716, 25, 1),
(1228, 1876, 23, 1),
(1229, 255, 24, 1),
(1230, 1787, 23, 1),
(1231, 1894, 25, 1),
(1232, 1109, 23, 1),
(1233, 1115, 25, 1),
(1234, 1457, 23, 1),
(1235, 600, 25, 1),
(1236, 0, 23, 1),
(1237, 1437, 25, 1),
(1238, 1652, 25, 1),
(1239, 1727, 23, 1),
(1240, 1467, 25, 1),
(1241, 76, 23, 1),
(1242, 1593, 23, 1),
(1243, 673, 23, 1),
(1244, 1823, 24, 1),
(1245, 1917, 23, 1),
(1246, 1816, 24, 1),
(1247, 829, 25, 1),
(1248, 1665, 23, 1),
(1249, 1665, 23, 1),
(1250, 1798, 23, 1),
(1251, 1044, 24, 1),
(1252, 1544, 25, 1),
(1253, 1749, 25, 1),
(1254, 1900, 25, 1),
(1255, 1887, 23, 1),
(1256, 1696, 23, 1),
(1257, 1883, 23, 1),
(1258, 1718, 23, 1),
(1259, 1039, 25, 1),
(1260, 1465, 25, 1),
(1261, 893, 23, 1),
(1262, 254, 23, 1),
(1263, 1168, 25, 1),
(1264, 1678, 25, 1),
(1265, 1540, 23, 1),
(1266, 1476, 23, 1),
(1267, 1013, 23, 1),
(1268, 1699, 23, 1),
(1269, 1344, 25, 1),
(1270, 1571, 23, 1),
(1271, 1208, 24, 1),
(1272, 1595, 24, 1),
(1273, 1600, 24, 1),
(1274, 1402, 25, 1),
(1275, 1813, 24, 1),
(1276, 915, 24, 1),
(1277, 1556, 25, 1),
(1278, 0, 25, 1),
(1279, 1874, 24, 1),
(1280, 0, 24, 1),
(1281, 1753, 23, 1),
(1282, 1680, 24, 1),
(1283, 1773, 25, 1),
(1284, 1657, 24, 1),
(1285, 1653, 23, 1),
(1286, 0, 23, 1),
(1287, 1282, 25, 1),
(1288, 1286, 23, 1),
(1289, 1283, 24, 1),
(1290, 1357, 24, 1),
(1291, 1613, 23, 1),
(1292, 1462, 25, 1),
(1293, 1398, 23, 1),
(1294, 327, 23, 1),
(1295, 1582, 23, 1),
(1296, 923, 25, 1),
(1297, 0, 25, 1),
(1298, 229, 25, 1),
(1299, 0, 25, 1),
(1300, 908, 23, 1),
(1301, 1023, 23, 1),
(1302, 1429, 23, 1),
(1303, 1853, 25, 1),
(1304, 0, 25, 1),
(1305, 1469, 23, 1),
(1306, 0, 23, 1),
(1307, 316, 23, 1),
(1308, 1852, 24, 1),
(1309, 1573, 23, 1),
(1310, 1030, 23, 1),
(1311, 1513, 23, 1),
(1312, 1906, 25, 1),
(1313, 139, 23, 1),
(1314, 1636, 0, 1),
(1315, 1721, 25, 1),
(1316, 1722, 23, 1),
(1317, 778, 23, 1),
(1318, 1780, 25, 1),
(1319, 1622, 23, 1),
(1320, 1009, 23, 1),
(1321, 956, 25, 1),
(1322, 1630, 24, 1),
(1323, 945, 25, 1),
(1324, 1901, 23, 1),
(1325, 1641, 24, 1),
(1326, 795, 23, 1),
(1327, 1029, 25, 1),
(1328, 1869, 23, 1),
(1329, 1256, 23, 1),
(1330, 1576, 23, 1),
(1331, 1031, 23, 1),
(1332, 1440, 23, 1),
(1333, 1805, 23, 1),
(1334, 1847, 25, 1),
(1335, 379, 23, 1),
(1336, 198, 23, 1),
(1337, 936, 23, 1),
(1338, 519, 23, 1),
(1339, 514, 23, 1),
(1340, 661, 23, 1),
(1341, 1543, 25, 1),
(1342, 1726, 23, 1),
(1343, 1536, 25, 1),
(1344, 889, 23, 1),
(1345, 1792, 23, 1),
(1346, 1925, 25, 1),
(1347, 1107, 25, 1),
(1348, 525, 25, 1),
(1349, 1891, 23, 1),
(1350, 0, 23, 1),
(1351, 955, 24, 1),
(1352, 1777, 23, 1),
(1353, 1761, 23, 1),
(1354, 1264, 25, 1),
(1355, 1768, 24, 1),
(1356, 1404, 23, 1),
(1357, 1592, 24, 1),
(1358, 675, 25, 1),
(1359, 1675, 25, 1),
(1360, 944, 25, 1),
(1361, 779, 24, 1),
(1362, 1764, 25, 1),
(1363, 1640, 23, 1),
(1364, 1784, 23, 1),
(1365, 1775, 25, 1),
(1366, 1736, 24, 1),
(1367, 0, 24, 1),
(1368, 1829, 25, 1),
(1369, 1067, 23, 1),
(1370, 1839, 23, 1),
(1371, 1803, 24, 1),
(1372, 1790, 24, 1),
(1373, 1463, 25, 1),
(1374, 1547, 25, 1),
(1375, 834, 24, 1),
(1376, 1668, 23, 1),
(1377, 1087, 24, 1),
(1378, 1774, 24, 1),
(1379, 1092, 23, 1),
(1380, 1419, 24, 1),
(1381, 1460, 25, 1),
(1382, 1497, 23, 1),
(1383, 1936, 23, 1),
(1384, 1520, 23, 1),
(1385, 1902, 23, 1),
(1386, 1562, 23, 1),
(1387, 1662, 25, 1),
(1388, 1194, 25, 1),
(1389, 1752, 25, 1),
(1390, 1835, 23, 1),
(1391, 1607, 23, 1),
(1392, 938, 25, 1),
(1393, 660, 24, 1),
(1394, 1135, 23, 1),
(1395, 1815, 25, 1),
(1396, 1608, 23, 1),
(1397, 239, 25, 1),
(1398, 1557, 25, 1),
(1399, 1597, 24, 1),
(1400, 930, 24, 1),
(1401, 1019, 23, 1),
(1402, 1679, 23, 1),
(1403, 0, 23, 1),
(1404, 257, 25, 1),
(1405, 0, 25, 1),
(1406, 1637, 24, 1),
(1407, 1018, 24, 1),
(1408, 1898, 23, 1),
(1409, 1849, 25, 1),
(1410, 1924, 23, 1),
(1411, 1694, 23, 1),
(1412, 1754, 25, 1),
(1413, 1793, 25, 1),
(1414, 1114, 24, 1),
(1415, 1610, 23, 1),
(1416, 1530, 24, 1),
(1417, 1850, 23, 1),
(1418, 1509, 23, 1),
(1419, 1585, 24, 1),
(1420, 1014, 23, 1),
(1421, 1918, 23, 1),
(1422, 0, 0, 1),
(1423, 1908, 23, 1),
(1424, 1108, 25, 1),
(1425, 1511, 23, 1),
(1426, 1725, 23, 1),
(1427, 1026, 23, 1),
(1428, 1643, 24, 1),
(1429, 1549, 23, 1),
(1430, 384, 25, 1),
(1431, 454, 23, 1),
(1432, 401, 24, 1),
(1433, 175, 24, 1),
(1434, 1647, 23, 1),
(1435, 1055, 24, 1),
(1436, 397, 25, 1),
(1437, 1184, 23, 1),
(1438, 151, 24, 1),
(1439, 1834, 25, 1),
(1440, 202, 25, 1),
(1441, 1899, 23, 1),
(1442, 418, 23, 1),
(1443, 1842, 23, 1),
(1444, 1447, 25, 1),
(1445, 551, 23, 1),
(1446, 925, 25, 1),
(1447, 1512, 23, 1),
(1448, 1010, 0, 1),
(1449, 1444, 25, 1),
(1450, 521, 23, 1),
(1451, 1795, 23, 1),
(1452, 1027, 23, 1),
(1453, 1759, 25, 1),
(1454, 0, 23, 1),
(1455, 1096, 24, 1),
(1456, 1802, 24, 1),
(1457, 681, 24, 1),
(1458, 1831, 23, 1),
(1459, 0, 24, 1),
(1460, 1097, 25, 1),
(1461, 1397, 25, 1),
(1462, 1567, 23, 1),
(1463, 1008, 25, 1),
(1464, 1663, 23, 1),
(1465, 1814, 24, 1),
(1466, 1566, 23, 1),
(1467, 0, 23, 1),
(1468, 1538, 24, 1),
(1469, 1491, 25, 1),
(1470, 1541, 24, 1),
(1471, 1938, 23, 1),
(1472, 1837, 23, 1),
(1473, 610, 24, 1),
(1474, 1669, 25, 1),
(1475, 1199, 25, 1),
(1476, 1481, 23, 1),
(1477, 537, 23, 1),
(1478, 1732, 25, 1),
(1479, 1443, 23, 1),
(1480, 1155, 24, 1),
(1481, 838, 23, 1),
(1482, 1702, 23, 1),
(1483, 520, 23, 1),
(1484, 335, 25, 1),
(1485, 1212, 25, 1),
(1486, 472, 25, 1),
(1487, 1212, 25, 1),
(1488, 1609, 24, 1),
(1489, 1620, 23, 1),
(1490, 1204, 24, 1),
(1491, 32, 23, 1),
(1492, 20, 24, 1),
(1493, 1579, 25, 1),
(1494, 1655, 23, 1),
(1495, 0, 25, 1),
(1496, 1033, 25, 1),
(1497, 1120, 25, 1),
(1498, 1317, 24, 1),
(1499, 1450, 24, 1),
(1500, 1693, 24, 1),
(1501, 851, 23, 1),
(1502, 190, 23, 1),
(1503, 0, 23, 1),
(1504, 1779, 24, 1),
(1505, 1343, 24, 1),
(1506, 1937, 23, 1),
(1507, 869, 23, 1),
(1508, 1085, 24, 1),
(1509, 1505, 25, 1),
(1510, 1331, 25, 1),
(1511, 1032, 23, 1),
(1512, 547, 23, 1),
(1513, 1904, 23, 1),
(1514, 922, 23, 1),
(1515, 562, 23, 1),
(1516, 1619, 23, 1),
(1517, 1851, 24, 1),
(1518, 1126, 23, 1),
(1519, 749, 23, 1),
(1520, 1230, 23, 1),
(1521, 130, 23, 1),
(1522, 1553, 23, 1),
(1523, 1034, 23, 1),
(1524, 1810, 24, 1),
(1525, 1064, 24, 1),
(1526, 1139, 24, 1),
(1527, 1445, 25, 1),
(1528, 1017, 23, 1),
(1529, 657, 24, 1),
(1530, 1825, 24, 1),
(1531, 693, 24, 1),
(1532, 747, 23, 1),
(1533, 1570, 23, 1),
(1534, 1916, 23, 1),
(1535, 994, 23, 1),
(1536, 1351, 25, 1),
(1537, 896, 24, 1),
(1538, 1182, 25, 1),
(1539, 1202, 24, 1),
(1540, 919, 23, 1),
(1541, 0, 25, 1),
(1542, 853, 23, 1),
(1543, 1082, 25, 1),
(1544, 1164, 23, 1),
(1545, 1692, 24, 1),
(1546, 1642, 25, 1),
(1547, 1848, 25, 1),
(1548, 777, 23, 1),
(1549, 1845, 25, 1),
(1550, 1405, 23, 1),
(1551, 1809, 23, 1),
(1552, 1701, 25, 1),
(1553, 1554, 25, 1),
(1554, 1366, 25, 1),
(1555, 1748, 23, 1),
(1556, 0, 25, 1),
(1557, 758, 23, 1),
(1558, 1475, 23, 1),
(1559, 1812, 24, 1),
(1560, 940, 25, 1),
(1561, 1080, 25, 1),
(1562, 1080, 25, 1),
(1563, 1080, 25, 1),
(1564, 0, 25, 1),
(1565, 1639, 24, 1),
(1566, 1094, 25, 1),
(1567, 1101, 24, 1),
(1568, 1922, 25, 1),
(1569, 949, 24, 1),
(1570, 0, 24, 1),
(1571, 1132, 24, 1),
(1572, 1233, 23, 1),
(1573, 1253, 24, 1),
(1574, 1116, 24, 1),
(1575, 1185, 23, 1),
(1576, 1739, 25, 1),
(1577, 1819, 0, 1),
(1578, 1325, 24, 1),
(1579, 1755, 25, 1),
(1580, 1743, 24, 1),
(1581, 1715, 23, 1),
(1582, 1711, 24, 1),
(1583, 1564, 24, 1),
(1584, 1259, 23, 1),
(1585, 1882, 23, 1),
(1586, 1785, 24, 1),
(1587, 1872, 23, 1),
(1588, 1632, 24, 1),
(1589, 0, 23, 1),
(1590, 1281, 23, 1),
(1591, 1929, 25, 1),
(1592, 0, 25, 1),
(1593, 1580, 25, 1),
(1594, 571, 23, 1),
(1595, 1555, 23, 1),
(1596, 1645, 25, 1),
(1597, 1290, 25, 1),
(1598, 1586, 25, 1),
(1599, 1198, 23, 1),
(1600, 1598, 23, 1),
(1601, 1905, 24, 1),
(1602, 240, 25, 1),
(1603, 1002, 23, 1),
(1604, 1417, 24, 1),
(1605, 388, 24, 1),
(1606, 590, 23, 1),
(1607, 1176, 23, 1),
(1608, 234, 23, 1),
(1609, 1783, 25, 1),
(1610, 495, 23, 1),
(1611, 1464, 25, 1),
(1612, 1260, 24, 1),
(1613, 1612, 25, 1),
(1614, 1178, 25, 1),
(1615, 524, 24, 1),
(1616, 1840, 25, 1),
(1617, 1401, 24, 1),
(1618, 1907, 24, 1),
(1619, 1425, 23, 1),
(1620, 1928, 23, 1),
(1621, 1575, 24, 1),
(1622, 550, 23, 1),
(1623, 1863, 25, 1),
(1624, 1542, 25, 1),
(1625, 656, 24, 1),
(1626, 1119, 25, 1),
(1627, 1857, 23, 1),
(1628, 1674, 24, 1),
(1629, 1265, 25, 1),
(1630, 819, 25, 1),
(1631, 741, 25, 1);

-- --------------------------------------------------------

--
-- Struktur dari tabel `tbl_tata`
--

CREATE TABLE `tbl_tata` (
  `id_tata` int(11) NOT NULL,
  `logo` varchar(255) NOT NULL,
  `warna` varchar(255) NOT NULL,
  `caption` varchar(255) NOT NULL
) ENGINE=MyISAM DEFAULT CHARSET=latin1;

-- --------------------------------------------------------

--
-- Struktur dari tabel `tbl_user`
--

CREATE TABLE `tbl_user` (
  `id_user` int(11) NOT NULL,
  `nama_lengkap` varchar(255) NOT NULL,
  `prodi` varchar(255) DEFAULT NULL,
  `angkatan` int(255) DEFAULT NULL,
  `pin` varchar(255) NOT NULL,
  `status` enum('sudah','belum') NOT NULL
) ENGINE=MyISAM DEFAULT CHARSET=latin1;

--
-- Dumping data untuk tabel `tbl_user`
--

INSERT INTO `tbl_user` (`id_user`, `nama_lengkap`, `prodi`, `angkatan`, `pin`, `status`) VALUES
(1548, 'ABELLA DWI SAPUTRA', 'D-III Teknologi Konstruksi Jalan, Jembatan, dan Bangunan Air', 2022, '2231330034', 'belum'),
(1547, 'FATMA\'UL NISYA', 'D-III Teknologi Konstruksi Jalan, Jembatan, dan Bangunan Air', 2022, '2231330035', 'sudah'),
(1545, 'BRIAN SEYSAR ORLANDO', 'D-III T. Telekomunikasi', 2022, '2231130034', 'belum'),
(1546, 'DHAVA WIRAYUDA', 'D-III T. Telekomunikasi', 2022, '2231130040', 'belum'),
(1543, 'NUR NAILA ARIFATUL HIDAYAH', 'D-III T. Telekomunikasi', 2022, '2231130024', 'sudah'),
(1544, 'DINARA ZALFAINI', 'D-III T. Telekomunikasi', 2022, '2231130016', 'sudah'),
(1541, 'ARI EFENDI', 'D-III T. Telekomunikasi', 2022, '2231130004', 'sudah'),
(1542, 'SEPTIANI WAHYUNINGTYAS', 'D-III T. Telekomunikasi', 2022, '2231130006', 'sudah'),
(1540, 'ZULIETA ISBA\'DRIA', 'D-III T. Telekomunikasi', 2022, '2231130017', 'sudah'),
(1538, 'MUHAMAD DAVID ARIFIN', 'D-III T. Telekomunikasi', 2022, '2231130003', 'sudah'),
(1539, 'JIHAN FEBRICIA MAHARANI', 'D-III T. Telekomunikasi', 2022, '2231130018', 'belum'),
(1536, 'WIDIA SEPTANIA', 'D-III T. Telekomunikasi', 2022, '2231130007', 'sudah'),
(1537, 'NADIA YUMNI IZATI', 'D-III T. Telekomunikasi', 2022, '2231130008', 'belum'),
(1535, 'HANI IFATUR ROHMAH', 'D-III T. Telekomunikasi', 2022, '2231130013', 'belum'),
(1534, 'NABILA IZZATUL MUSLIMAH', 'D-III T. Telekomunikasi', 2022, '2231130023', 'belum'),
(1533, 'NABILA MARSANDA EKA LESTARI', 'D-III T. Sipil', 2022, '2231310024', 'belum'),
(1531, 'AVIANTI DEMASI SUKMA DEWI', 'D-III T. Sipil', 2022, '2231310018', 'belum'),
(1532, 'BINTANG HELGA PRATAMA', 'D-III T. Sipil', 2022, '2231310046', 'belum'),
(1529, 'ACHMAD NUR FADIL', 'D-III T. Sipil', 2022, '2231310015', 'belum'),
(1530, 'SENJA JUNIA SALSABILLAH', 'D-III T. Sipil', 2022, '2231310004', 'sudah'),
(1528, 'MARIO DWI WIBISONO', 'D-III T. Sipil', 2022, '2231310005', 'belum'),
(1525, 'MAWANG ARDHIAN PUTRA', 'D-III T. Pertambangan', 2022, '2231340030', 'belum'),
(1526, 'BINTI MAULIDIA JUMPING', 'D-III T. Pertambangan', 2022, '2231340029', 'belum'),
(1527, 'M. INDRA IRAWAN', 'D-III T. Sipil', 2022, '2231310014', 'belum'),
(1524, 'AHMAT NUR FAJAR', 'D-III T. Pertambangan', 2022, '2231340031', 'belum'),
(1523, 'DIMAS ADY NUGROHO', 'D-III T. Pertambangan', 2022, '2231340003', 'belum'),
(1522, 'FADHOL ARSYAD SHIDQI AZIZ', 'D-III T. Pertambangan', 2022, '2231340005', 'belum'),
(1521, 'KARA SALSABILA SAFA', 'D-III T. Pertambangan', 2022, '2231340004', 'belum'),
(1518, 'EURO AMAR MA\'RUF', 'D-III T. Mesin', 2022, '2231210072', 'belum'),
(1519, 'NOVAL RAMADANI', 'D-III T. Mesin', 2022, '2231210056', 'belum'),
(1520, 'AKMA FEBRIANSYA SANJAYA', 'D-III T. Mesin', 2022, '2231210055', 'sudah'),
(1516, 'MOHAMAD GIGIH PRAKOSO', 'D-III T. Mesin', 2022, '2231210088', 'belum'),
(1517, 'RIDLO SANTOSO', 'D-III T. Mesin', 2022, '2231210081', 'belum'),
(1515, 'M. IRHAM AS AD AL ALAWI', 'D-III T. Mesin', 2022, '2231210089', 'belum'),
(1514, 'LUKSMA HANDIKA SUXMA ABIMANYU', 'D-III T. Mesin', 2022, '2231210091', 'belum'),
(1513, 'DAFFA FITRA ANANTA', 'D-III T. Mesin', 2022, '2231210098', 'sudah'),
(1511, 'DHEN IZZA MAULANA', 'D-III T. Mesin', 2022, '2231210106', 'sudah'),
(1512, 'ILHAM FANI SETIAWAN', 'D-III T. Mesin', 2022, '2231210105', 'sudah'),
(1510, 'FAJAR PRIONANDA PUTRA', 'D-III T. Mesin', 2022, '2231210107', 'belum'),
(1509, 'ARDEN ARDHI MAHENDRA', 'D-III T. Mesin', 2022, '2231210148', 'sudah'),
(1507, 'DANANG PRIAMBADA', 'D-III T. Mesin', 2022, '2231210051', 'belum'),
(1508, 'JIBRIL ARYA JUNIOR', 'D-III T. Mesin', 2022, '2231210049', 'belum'),
(1506, 'DIO OVIN WAHYU PUTRAWAN', 'D-III T. Mesin', 2022, '2231210015', 'belum'),
(1505, 'BAGUS TOFA PRASETYA', 'D-III T. Mesin', 2022, '2231210013', 'sudah'),
(1504, 'FARIS ANANDA PUTRA', 'D-III T. Mesin', 2022, '2231210003', 'belum'),
(1503, 'MAULANA ROSYIKIN', 'D-III T. Mesin', 2022, '2231210031', 'belum'),
(1502, 'BIMA SETYAWAN', 'D-III T. Mesin', 2022, '2231210001', 'belum'),
(1500, 'KESA ARKANANTA', 'D-III T. Mesin', 2022, '2231210025', 'belum'),
(1501, 'MOCHAMMAD SYOFI NUR ILMA', 'D-III T. Mesin', 2022, '2231210023', 'belum'),
(1499, 'FIDIA NUR MAULIDINA KUSUMA WARDHANI', 'D-III T. Mesin', 2022, '2231210033', 'belum'),
(1498, 'KHANSA ALAUDIN ACHMAD FATHONI', 'D-III T. Mesin', 2022, '2231210007', 'belum'),
(1496, 'ABDUR ROSID', 'D-III T. Listrik', 2022, '2231120031', 'belum'),
(1497, 'MOCHAMAD IRAWAN', 'D-III T. Mesin', 2022, '2231210037', 'sudah'),
(1495, 'DIAZ SARI SOLIQIN', 'D-III T. Listrik', 2022, '2231120035', 'belum'),
(1494, 'NAUFALIAWAN ABRAHAM', 'D-III T. Listrik', 2022, '2231120052', 'belum'),
(1492, 'ARIES KURNIA SANDY', 'D-III T. Listrik', 2022, '2231120026', 'belum'),
(1493, 'NADIFFAH JAUHARATUS SOFA', 'D-III T. Listrik', 2022, '2231120055', 'belum'),
(1490, 'NAUFAL ABDY NUGROHO', 'D-III T. Listrik', 2022, '2231120017', 'belum'),
(1491, 'ERVINA ZUANITA', 'D-III T. Listrik', 2022, '2231120022', 'sudah'),
(1489, 'SITI NURKHOLISA', 'D-III T. Listrik', 2022, '2231120020', 'belum'),
(1487, 'AHMAD ABDUL LATIF', 'D-III T. Listrik', 2022, '2231120021', 'sudah'),
(1488, 'SALWA NUR ALIYAH', 'D-III T. Listrik', 2022, '2231120013', 'belum'),
(1486, 'NADIA AYU LESTARI', 'D-III T. Listrik', 2022, '2231120011', 'belum'),
(1485, 'MOH. ROBI KHOLILUR RAHMAN', 'D-III T. Listrik', 2022, '2231120009', 'belum'),
(1484, 'AHMAD ARZIQI', 'D-III T. Listrik', 2022, '2231120024', 'belum'),
(1483, 'ACHMAD ZAKKY ZAMANI', 'D-III T. Kimia', 2022, '2231410034', 'belum'),
(1482, 'ALVIATUR RIZKIYAH', 'D-III T. Kimia', 2022, '2231410038', 'belum'),
(1481, 'RIZKA MARWAH SOLICHA', 'D-III T. Kimia', 2022, '2231410050', 'sudah'),
(1479, 'IQBAL DANI SAPUTRA', 'D-III T. Kimia', 2022, '2231410071', 'belum'),
(1480, 'EMA NURISTA SARI', 'D-III T. Kimia', 2022, '2231410060', 'belum'),
(1478, 'ILMA DINI ALIMNI', 'D-III T. Kimia', 2022, '2231410028', 'belum'),
(1477, 'APRISHEILLA KHULASHOTUL AINI', 'D-III T. Kimia', 2022, '2231410029', 'belum'),
(1475, 'SITI AISAH', 'D-III T. Kimia', 2022, '2231410017', 'sudah'),
(1476, 'KHOLIFATUS SA\'DYA', 'D-III T. Kimia', 2022, '2231410001', 'sudah'),
(1474, 'VIRA AYU FITRIANA', 'D-III T. Kimia', 2022, '2231410013', 'belum'),
(1472, 'LIA INDAH SARI', 'D-III T. Kimia', 2022, '2231410021', 'belum'),
(1473, 'MOH. ILHAM FADILAH', 'D-III T. Kimia', 2022, '2231410009', 'belum'),
(1471, 'AMANDA FAJRIN LAILA ZULKIJAH', 'D-III T. Elektronika', 2022, '2231110037', 'belum'),
(1469, 'HILMY AYU BINTARI', 'D-III T. Elektronika', 2022, '2231110060', 'sudah'),
(1470, 'MOCHAMAD NUR KAHFI', 'D-III T. Elektronika', 2022, '2231110039', 'belum'),
(1468, 'KEVIN LUSIANO', 'D-III T. Elektronika', 2022, '2231110072', 'belum'),
(1466, 'IRMANADIA SARI', 'D-III T. Elektronika', 2022, '2231110081', 'belum'),
(1467, 'IAN SAIFULLAH', 'D-III T. Elektronika', 2022, '2231110080', 'sudah'),
(1464, 'ACHMAD CHOIRUL BAHTIAR', 'D-III T. Elektronika', 2022, '2231110006', 'sudah'),
(1465, 'PRIYO ADI WIBOWO', 'D-III T. Elektronika', 2022, '2231110085', 'sudah'),
(1463, 'DAMAS IZZUDDIN RABBANI', 'D-III T. Elektronika', 2022, '2231110001', 'sudah'),
(1461, 'YOGY PRANANDA PUTRA', 'D-III T. Elektronika', 2022, '2231110020', 'belum'),
(1462, 'ERISSA RAHMA YUNIAR', 'D-III T. Elektronika', 2022, '2231110011', 'sudah'),
(1460, 'YASMIN ANNISAULHIKMAH', 'D-III T. Elektronika', 2022, '2231110003', 'sudah'),
(1458, 'ANITA', 'D-III T. Elektronika', 2022, '2231110016', 'belum'),
(1459, 'MASREDA NANDA PRANATA', 'D-III T. Elektronika', 2022, '2231110017', 'belum'),
(1457, 'YUNINTA ZAHRA ARIFAH', 'D-III Akuntansi', 2022, '2232510032', 'sudah'),
(1456, 'YOLANDA YUNIA SANY', 'D-III Akuntansi', 2022, '2232510042', 'belum'),
(1454, 'DIVA ADELITA MARGAREVA', 'D-III Akuntansi', 2022, '2232510055', 'belum'),
(1455, 'RORO SEKAR ANJANI', 'D-III Akuntansi', 2022, '2232510044', 'belum'),
(1453, 'SAVIRA RAHMAWATI', 'D-III Akuntansi', 2022, '2232510056', 'belum'),
(1451, 'LAILATUL MUBAROKAH', 'D-III Akuntansi', 2022, '2232510059', 'belum'),
(1452, 'NUR\'AINI TIARA DEWI', 'D-III Akuntansi', 2022, '2232510058', 'belum'),
(1450, 'MUHAMMAD ADI IRAWAN', 'D-III Akuntansi', 2022, '2232510084', 'sudah'),
(1449, 'LAURA ISIKA PUTRI', 'D-III Akuntansi', 2022, '2232510085', 'sudah'),
(1448, 'HANIF NUR HIDAYATUL FADILLAH', 'D-III Akuntansi', 2022, '2232510076', 'belum'),
(1447, 'DWI AYU KIRANI', 'D-III Akuntansi', 2022, '2232510019', 'sudah'),
(1445, 'DHEAH ANANDA PRASTIKA', 'D-III Akuntansi', 2022, '2232510017', 'sudah'),
(1446, 'PUTRI OXANA VIMELTA', 'D-III Akuntansi', 2022, '2232510005', 'belum'),
(1443, 'MUHAMMAD CHOIRUL ROSYID IRFANI', 'D-III Akuntansi', 2022, '2232510022', 'sudah'),
(1444, 'ELSA SAYU FADILAH PUTRI', 'D-III Akuntansi', 2022, '2232510001', 'sudah'),
(1442, 'ELDHEN KHARISMA APRILIA', 'D-III Akuntansi', 2022, '2232510008', 'belum'),
(1440, 'SUCI WULANDARI', 'D-III Akuntansi', 2022, '2232510015', 'sudah'),
(1441, 'FITRI NURDIA RAHMAWATI', 'D-III Akuntansi', 2022, '2232510021', 'belum'),
(1439, 'RIKI HERMAWAN', 'D-III Akuntansi', 2022, '2232510002', 'belum'),
(1437, 'DINI NOVITA SARI', 'D-III Akuntansi', 2022, '2232510003', 'sudah'),
(1438, 'ANGGITA AMEILIA MARGARETA', 'D-III Akuntansi', 2022, '2232510009', 'belum'),
(1434, 'NENINDA FAILZA', 'D-III Akuntansi', 2022, '2232510018', 'belum'),
(1435, 'MIRANDA ZAKIA PUTRI', 'D-III Akuntansi', 2022, '2232510026', 'belum'),
(1436, 'PUTRI DESTYANA', 'D-III Akuntansi', 2022, '2232510011', 'belum'),
(1432, 'NI`I GUSTI NURDHIVA', 'D-III Akuntansi', 2022, '2232510027', 'belum'),
(1433, 'INTAN DYAH SAHARANI', 'D-III Akuntansi', 2022, '2232510024', 'belum'),
(1431, 'FEBRIAN ARDIANSYAH', 'D-III Administrasi Bisnis', 2022, '2232610040', 'belum'),
(1430, 'MUHAMMAD ZAINAL ILMI', 'D-III Administrasi Bisnis', 2022, '2232610041', 'belum'),
(1429, 'NI MADE WIBHI ETHA KURNIA', 'D-III Administrasi Bisnis', 2022, '2232610043', 'sudah'),
(1428, 'FREESELIA ANDREA PUTRI', 'D-III Administrasi Bisnis', 2022, '2232610047', 'belum'),
(1427, 'DHEA KHAFIFAH SYAHRANI', 'D-III Administrasi Bisnis', 2022, '2232610048', 'belum'),
(1426, 'WASIL WIDIA', 'D-III Administrasi Bisnis', 2022, '2232610109', 'belum'),
(1424, 'WARDHA MUSAHILLA ROSADY', 'D-III Administrasi Bisnis', 2022, '2232610055', 'belum'),
(1425, 'PUTRI JULIA DWI PUSPITASARI', 'D-III Administrasi Bisnis', 2022, '2232610054', 'sudah'),
(1422, 'PASKAH L TAMPUBOLON', 'D-III Administrasi Bisnis', 2022, '2232610078', 'belum'),
(1423, 'KUSUMA DEWI ASTUTI', 'D-III Administrasi Bisnis', 2022, '2232610067', 'belum'),
(1420, 'RENDY DWI FIRMANSYAH', 'D-III Administrasi Bisnis', 2022, '2232610090', 'belum'),
(1421, 'AMELIA VATIKASARI', 'D-III Administrasi Bisnis', 2022, '2232610089', 'belum'),
(1419, 'IKA APRILIA ZUMROTUS SA\'ADAH', 'D-III Administrasi Bisnis', 2022, '2232610091', 'sudah'),
(1418, 'ISNAINI IDHA WIKANTO PUTRI', 'D-III Administrasi Bisnis', 2022, '2232610092', 'belum'),
(1416, 'RAFIN NIFTHA SEPHIANA', 'D-III Administrasi Bisnis', 2022, '2232610095', 'belum'),
(1417, 'FIRLY NOVALIA DWI PUTRI', 'D-III Administrasi Bisnis', 2022, '2232610093', 'sudah'),
(1415, 'VITA NUR AFRIDA MAHARANI', 'D-III Administrasi Bisnis', 2022, '2232610098', 'belum'),
(1414, 'DIMAS NUR ARDLYANSYAH', 'D-III Administrasi Bisnis', 2022, '2232610099', 'belum'),
(1413, 'RETNO GANDHES SARWENDAH', 'D-III Administrasi Bisnis', 2022, '2232610103', 'belum'),
(1412, 'NADILA ADELIA DWI AGUSTIN', 'D-III Administrasi Bisnis', 2022, '2232610105', 'belum'),
(1410, 'DEVI KURNIANINGSIH', 'D-III Administrasi Bisnis', 2022, '2232610034', 'belum'),
(1411, 'MUHAMAD HAFIZH RAFASYAH', 'D-III Administrasi Bisnis', 2022, '2232610107', 'belum'),
(1409, 'LAILATUDZURROHMAH', 'D-III Administrasi Bisnis', 2022, '2232610023', 'belum'),
(1408, 'BERLIAN CAHYANING AZIZAH', 'D-III Administrasi Bisnis', 2022, '2232610005', 'belum'),
(1407, 'EMILYA VERNANDA', 'D-III Administrasi Bisnis', 2022, '2232610031', 'belum'),
(1406, 'TONY INDRAWAN', 'D-III Administrasi Bisnis', 2022, '2232610017', 'belum'),
(1405, 'TAZKIYATUN NAFSIYAH ROHMAH', 'D-III Administrasi Bisnis', 2022, '2232610006', 'sudah'),
(1404, 'AZIZAH NUR AMALIA', 'D-III Administrasi Bisnis', 2022, '2232610002', 'sudah'),
(1402, 'ADE AMEILYANDA', 'D-III Administrasi Bisnis', 2022, '2232610020', 'sudah'),
(1403, 'TIARA ENDRIKA SEPTY MAHARANI', 'D-III Administrasi Bisnis', 2022, '2232610007', 'belum'),
(1401, 'AYU DIAH KAROMAH', 'D-III Administrasi Bisnis', 2022, '2232610014', 'sudah'),
(1400, 'GITA CANDRA SWARI', 'D-III Administrasi Bisnis', 2022, '2232610013', 'belum'),
(1398, 'MONICA GIAN SILFI', 'D-III Administrasi Bisnis', 2022, '2232610001', 'sudah'),
(1399, 'AHMAD JAELANI', 'D-III Administrasi Bisnis', 2022, '2232610016', 'belum'),
(1397, 'DEVA MAY KURNIA SARI', 'D-III Administrasi Bisnis', 2022, '2232610022', 'sudah'),
(1395, 'KHOIROTUS SA\'ADAH', 'D-III Administrasi Bisnis', 2022, '2232610012', 'belum'),
(1396, 'LAIDYA AMALIA PUTRI', 'D-III Administrasi Bisnis', 2022, '2232610019', 'belum'),
(1394, 'WIJAYATI NENGSIH', 'D-III Administrasi Bisnis', 2022, '2232610009', 'belum'),
(1393, 'ABIGAEL SANTO LEONITA TUMEKA', 'D4 Akuntansi Manajemen', 2021, '2142520235', 'belum'),
(1392, 'ULLON BINASE INDWEK', 'D4 Teknik Mesin Produksi dan Perawatan', 2021, '2141230079', 'belum'),
(1391, 'YERKI WONDA', 'D3 Administrasi Bisnis', 2021, '2132610186', 'belum'),
(1390, 'YULIANA RONSUMBRE', 'D3 Administrasi Bisnis', 2021, '2132610152', 'belum'),
(1389, 'KLIF SALMON NUMBRE', 'D3 Manajemen Informatika', 2021, '2131710128', 'belum'),
(1388, 'CHRISTINE RASTAFARA WAKUM', 'D3 Teknologi Pertambangan', 2021, '2131340053', 'belum'),
(1387, 'DETERIUS NAPYAL', 'D3 Teknologi Pertambangan', 2021, '2131340043', 'belum'),
(1384, 'BENI ASKA', 'D-IV T. Informatika', 2019, '1941720162', 'belum'),
(1385, 'GABRIEL PHILJOFRAN LATUNUSSA', 'D3 Teknik Sipil', 2021, '2131310053', 'belum'),
(1386, 'THOMSON ISRAEL SURUAN', 'D3 Teknik Sipil', 2021, '2131310062', 'belum'),
(1383, 'METANUS SOLL', 'D-IV T. Informatika', 2019, '1941720161', 'belum'),
(1381, 'ALMUJITAHID', 'D-IV MP', 2019, '1942620159', 'belum'),
(1382, 'LAILA ALIEF RASULIANA', 'D-IV T. Informatika', 2019, '1941720017', 'belum'),
(1379, 'NUR HIDAYATI', 'D4 Manajemen Pemasaran', 2021, '0', 'belum'),
(1380, 'YUNI RESA AGUSTHA AYOMI', 'D-IV AKM', 2019, '1942520162', 'belum'),
(1378, 'YUWANDA SALMA RISU', 'D4 Bahasa Inggris untuk Komunikasi Bisnis dan Profesional', 2021, '2142820028', 'belum'),
(1376, 'TEGAR RATNA NING UTAMI', 'D4 Bahasa Inggris untuk Komunikasi Bisnis dan Profesional', 2021, '2142820051', 'belum'),
(1377, 'TRI SEPTI HARI NIKITA', 'D4 Bahasa Inggris untuk Komunikasi Bisnis dan Profesional', 2021, '2142820002', 'belum'),
(1375, 'TAWANG ZORA DIVA', 'D4 Bahasa Inggris untuk Komunikasi Bisnis dan Profesional', 2021, '2142820113', 'belum'),
(1374, 'SUFI BINTI KHOFIFAH', 'D4 Bahasa Inggris untuk Komunikasi Bisnis dan Profesional', 2021, '2142820033', 'belum'),
(1373, 'SAKINAH QURROTU A\'YUN', 'D4 Bahasa Inggris untuk Komunikasi Bisnis dan Profesional', 2021, '2142820060', 'belum'),
(1371, 'RIFQI HISYAM QOSSUMA', 'D4 Bahasa Inggris untuk Komunikasi Bisnis dan Profesional', 2021, '2142820107', 'belum'),
(1372, 'RIZKA TALITHA', 'D4 Bahasa Inggris untuk Komunikasi Bisnis dan Profesional', 2021, '2142820024', 'belum'),
(1369, 'RACHMAD ECHA SHEPTIANS', 'D4 Bahasa Inggris untuk Komunikasi Bisnis dan Profesional', 2021, '2142820029', 'belum'),
(1370, 'REVANDA AYUNG SAPUTRA', 'D4 Bahasa Inggris untuk Komunikasi Bisnis dan Profesional', 2021, '2142820017', 'belum'),
(1368, 'POPPY FEYRONIKA', 'D4 Bahasa Inggris untuk Komunikasi Bisnis dan Profesional', 2021, '2142820066', 'belum'),
(1366, 'NAJWA ISNAINI WARDANI', 'D4 Bahasa Inggris untuk Komunikasi Bisnis dan Profesional', 2021, '2142820112', 'sudah'),
(1367, 'NURWAHYU MARSA AMANDA', 'D4 Bahasa Inggris untuk Komunikasi Bisnis dan Profesional', 2021, '2142820015', 'belum'),
(1364, 'LUSI AGUSTINA', 'D4 Bahasa Inggris untuk Komunikasi Bisnis dan Profesional', 2021, '2142820020', 'belum'),
(1365, 'MUHAMMAD HANAFI SYABANA', 'D4 Bahasa Inggris untuk Komunikasi Bisnis dan Profesional', 2021, '2142820021', 'belum'),
(1362, 'HAYA FATHIYYAH HUSNA', 'D4 Bahasa Inggris untuk Komunikasi Bisnis dan Profesional', 2021, '2142820026', 'belum'),
(1363, 'LENI HARDIYANTI TRI WANODYA', 'D4 Bahasa Inggris untuk Komunikasi Bisnis dan Profesional', 2021, '2142820039', 'belum'),
(1361, 'FERRYAN SEPTO', 'D4 Bahasa Inggris untuk Komunikasi Bisnis dan Profesional', 2021, '2142820079', 'belum'),
(1360, 'ELSA AMALIA KARTIKA PUTRI', 'D4 Bahasa Inggris untuk Komunikasi Bisnis dan Profesional', 2021, '2142820004', 'belum'),
(1359, 'DESI NUR RACHMA', 'D4 Bahasa Inggris untuk Komunikasi Bisnis dan Profesional', 2021, '2142820049', 'belum'),
(1358, 'CINARA ASYL GROS TALENT', 'D4 Bahasa Inggris untuk Komunikasi Bisnis dan Profesional', 2021, '2142820037', 'belum'),
(1357, 'ARYA BURHANUDDIN', 'D4 Bahasa Inggris untuk Komunikasi Bisnis dan Profesional', 2021, '2142820059', 'sudah'),
(1355, 'ALDINA NIKITA DEWI', 'D4 Bahasa Inggris untuk Komunikasi Bisnis dan Profesional', 2021, '2142820044', 'sudah'),
(1356, 'ALFIN AMROE AINAURA', 'D4 Bahasa Inggris untuk Komunikasi Bisnis dan Profesional', 2021, '2142820078', 'belum'),
(1354, 'AISYAH INTAN NURHALIZA', 'D4 Bahasa Inggris untuk Komunikasi Bisnis dan Profesional', 2021, '2142820084', 'belum'),
(1353, 'ADELIA NUR\'AENI', 'D4 Bahasa Inggris untuk Komunikasi Bisnis dan Profesional', 2021, '2142820055', 'belum'),
(1352, 'YULINDA PRIATMA', 'D4 Manajemen Pemasaran', 2021, '2142620187', 'belum'),
(1350, 'YOFIANDA HARWIN DIARA', 'D4 Manajemen Pemasaran', 2021, '2142620119', 'belum'),
(1351, 'YULIA PUTRI BUDI STEVANI', 'D4 Manajemen Pemasaran', 2021, '2142620049', 'sudah'),
(1348, 'WANDA IDA SAPUTRI', 'D4 Manajemen Pemasaran', 2021, '2142620181', 'belum'),
(1349, 'WIDYA HAYUNINGTYAS', 'D4 Manajemen Pemasaran', 2021, '2142620185', 'belum'),
(1347, 'VINA DWI ROSADIANA', 'D4 Manajemen Pemasaran', 2021, '2142620029', 'belum'),
(1345, 'SULIS SETYOWATI', 'D4 Manajemen Pemasaran', 2021, '2142620014', 'belum'),
(1346, 'TEDY RAMA HENDARTA', 'D4 Manajemen Pemasaran', 2021, '2142620039', 'belum'),
(1344, 'SINDI WIDYA NOVITA SARI', 'D4 Manajemen Pemasaran', 2021, '2142620021', 'sudah'),
(1343, 'SHOFIYATUL LAILA ANISAH', 'D4 Manajemen Pemasaran', 2021, '2142620048', 'sudah'),
(1342, 'SHELLA DINDA SEPTIANA', 'D4 Manajemen Pemasaran', 2021, '2142620179', 'belum'),
(1340, 'SETIYA MAYANG PRATIWI', 'D4 Manajemen Pemasaran', 2021, '2142620175', 'belum'),
(1341, 'SETYO NUGROHO', 'D4 Manajemen Pemasaran', 2021, '2142620182', 'belum'),
(1339, 'SEPTI WULANDARI', 'D4 Manajemen Pemasaran', 2021, '2142620032', 'belum'),
(1337, 'RIO ALFIO RADO', 'D4 Manajemen Pemasaran', 2021, '2142620173', 'belum'),
(1338, 'RIZKA ZIADATUL ILMI', 'D4 Manajemen Pemasaran', 2021, '2142620177', 'belum'),
(1335, 'RINA EKA SAPUTRI', 'D4 Manajemen Pemasaran', 2021, '2142620184', 'belum'),
(1336, 'RINA JULIASARI', 'D4 Manajemen Pemasaran', 2021, '2142620024', 'belum'),
(1334, 'RENY TRIA ROSSYTA', 'D4 Manajemen Pemasaran', 2021, '2142620031', 'belum'),
(1333, 'NURHIDA YATRI', 'D4 Manajemen Pemasaran', 2021, '2142620171', 'belum'),
(1332, 'NISRINA ALIFIA DINI MAURA CAPRICA', 'D4 Manajemen Pemasaran', 2021, '2142620046', 'belum'),
(1331, 'NIMAS RAHAYU SRI WILUJENG', 'D4 Manajemen Pemasaran', 2021, '2142620174', 'sudah'),
(1330, 'NIKEN DWI UTAMI', 'D4 Manajemen Pemasaran', 2021, '2142620050', 'belum'),
(1328, 'MUHAMMAD SULTON MUJAROT', 'D4 Manajemen Pemasaran', 2021, '2142620037', 'belum'),
(1329, 'NAZHIMA FAKHIRA FARHAZ', 'D4 Manajemen Pemasaran', 2021, '2142620190', 'belum'),
(1326, 'MOCHAMMAD RISQI INDRA RIVALDI', 'D4 Manajemen Pemasaran', 2021, '2142620186', 'belum'),
(1327, 'MOH. CHOIRUL ABIDIN', 'D4 Manajemen Pemasaran', 2021, '2142620183', 'belum'),
(1325, 'KHARISMA LIA WIDIA TAMA', 'D4 Manajemen Pemasaran', 2021, '2142620011', 'sudah'),
(1323, 'IMRO\'ATUS SHOLIKAH', 'D4 Manajemen Pemasaran', 2021, '2142620178', 'belum'),
(1324, 'JANU PRASTYO', 'D4 Manajemen Pemasaran', 2021, '2142620188', 'belum'),
(1322, 'IDA PURWASIH', 'D4 Manajemen Pemasaran', 2021, '2142620180', 'belum'),
(1321, 'HERLINA PUJI AYU SYASABILA', 'D4 Manajemen Pemasaran', 2021, '2142620042', 'sudah'),
(1320, 'FITRIAH KHAMIDATUL KHASANAH', 'D4 Manajemen Pemasaran', 2021, '2142620004', 'belum'),
(1318, 'FIRLI APRILLIANINTA AMELIA', 'D4 Manajemen Pemasaran', 2021, '2142620176', 'belum'),
(1319, 'FIRMAN SAPUTRA', 'D4 Manajemen Pemasaran', 2021, '2142620189', 'belum'),
(1317, 'FARIHATUN NAFISAH', 'D4 Manajemen Pemasaran', 2021, '2142620051', 'sudah'),
(1316, 'ENI SUKMANINGSIH', 'D4 Manajemen Pemasaran', 2021, '2142620027', 'belum'),
(1314, 'DHAHELSA DWI SANTHICA', 'D4 Manajemen Pemasaran', 2021, '2142620028', 'belum'),
(1315, 'EKA KURNIA ISMAWATI', 'D4 Manajemen Pemasaran', 2021, '2142620033', 'belum'),
(1312, 'DANIA KHRIESMA DEVY', 'D4 Manajemen Pemasaran', 2021, '2142620003', 'belum'),
(1313, 'DEA DEWI NATA', 'D4 Manajemen Pemasaran', 2021, '2142620023', 'belum'),
(1311, 'CHANDRA ARGA SAPUTRA', 'D4 Manajemen Pemasaran', 2021, '2142620036', 'belum'),
(1310, 'BERLIAN LUPITA SARI', 'D4 Manajemen Pemasaran', 2021, '2142620008', 'belum'),
(1309, 'AZIZAH SUCI ROHMAWATI', 'D4 Manajemen Pemasaran', 2021, '2142620040', 'belum'),
(1308, 'ATHAYA FAZA MAZIDAH', 'D4 Manajemen Pemasaran', 2021, '2142620111', 'belum'),
(1306, 'ALIYUNAS', 'D4 Manajemen Pemasaran', 2021, '2142620172', 'belum'),
(1307, 'AMALIA FATIKA SARI', 'D4 Manajemen Pemasaran', 2021, '2142620001', 'belum'),
(1305, 'ADISTA AYUNDA SARI', 'D4 Manajemen Pemasaran', 2021, '2142620016', 'belum'),
(1304, 'ZULFA RIZKI UMMU MALIA', 'D3 Bahasa Inggris', 2021, '2132810006', 'belum'),
(1303, 'YEVI KARIN NORIETA', 'D3 Bahasa Inggris', 2021, '2132810015', 'belum'),
(1301, 'NUR HANIFAH', 'D3 Bahasa Inggris', 2021, '2132810017', 'belum'),
(1302, 'WAQIDHATUS SYA\'DIYAH', 'D3 Bahasa Inggris', 2021, '2132810041', 'belum'),
(1300, 'NAILATUR ROHMAH', 'D3 Bahasa Inggris', 2021, '2132810016', 'belum'),
(1299, 'MOCHAMAD FADLI ARIYANTO', 'D3 Bahasa Inggris', 2021, '2132810003', 'belum'),
(1298, 'MIL\'ATUTTOYYIBAH', 'D3 Bahasa Inggris', 2021, '2132810039', 'belum'),
(1297, 'KENYA FARI AZ ZAHRA', 'D3 Bahasa Inggris', 2021, '2132810038', 'belum'),
(1296, 'HANIFIA KHANSHAFIDA', 'D3 Bahasa Inggris', 2021, '2132810004', 'belum'),
(1295, 'FITRIANI', 'D3 Bahasa Inggris', 2021, '2132810001', 'belum'),
(1294, 'ERICHA FEBIANTI', 'D3 Bahasa Inggris', 2021, '2132810002', 'belum'),
(1293, 'ANDRY SEVCENKO PERANGIN-ANGIN', 'D3 Bahasa Inggris', 2021, '2132810011', 'belum'),
(1292, 'AKMAL ZIDNI ABDULLOH', 'D3 Bahasa Inggris', 2021, '2132810040', 'belum'),
(1291, 'UMI ALFIATURROHMAH', 'D3 Administrasi Bisnis', 2021, '2132610045', 'belum'),
(1290, 'TIA AFIFA PUTRI', 'D3 Administrasi Bisnis', 2021, '2132610061', 'sudah'),
(1289, 'STEVIA THALITA RAHMA ZADA', 'D3 Administrasi Bisnis', 2021, '2132610022', 'belum'),
(1288, 'SRI DINI RAMADANI', 'D3 Administrasi Bisnis', 2021, '2132610059', 'belum'),
(1287, 'SHELINA PUTRI WINATA', 'D3 Administrasi Bisnis', 2021, '2132610021', 'belum'),
(1285, 'RIKA DWI SUSANTI', 'D3 Administrasi Bisnis', 2021, '2132610005', 'belum'),
(1286, 'SABILA YUKE ARDIANI', 'D3 Administrasi Bisnis', 2021, '2132610068', 'sudah'),
(1284, 'REZA ZAHROTUL MASRO\'AH', 'D3 Administrasi Bisnis', 2021, '2132610010', 'belum'),
(1283, 'RATIH DWI ANGGRAINI', 'D3 Administrasi Bisnis', 2021, '2132610030', 'sudah'),
(1282, 'PUTRI YULINDA SAFITRI', 'D3 Administrasi Bisnis', 2021, '2132610097', 'sudah'),
(1281, 'OCTAVIA ZAHRIAH', 'D3 Administrasi Bisnis', 2021, '2132610071', 'sudah'),
(1280, 'NOFA HELLENIA PUTRI RAHMADANI', 'D3 Administrasi Bisnis', 2021, '2132610015', 'belum'),
(1279, 'NISWAH YUSNIZAR RAHMALIA', 'D3 Administrasi Bisnis', 2021, '2132610063', 'belum'),
(1278, 'NIMAS AYU PUSPA PALUPI', 'D3 Administrasi Bisnis', 2021, '2132610093', 'belum'),
(1277, 'NANA IKA LESTARI', 'D3 Administrasi Bisnis', 2021, '2132610042', 'sudah'),
(1276, 'MUTIM MATUL FARO', 'D3 Administrasi Bisnis', 2021, '2132610040', 'belum'),
(1274, 'MUCHAMMAD NABIL BUGAR. R', 'D3 Administrasi Bisnis', 2021, '2132610024', 'belum'),
(1275, 'MUHAMAD RIZQI', 'D3 Administrasi Bisnis', 2021, '2132610016', 'belum'),
(1273, 'MILSA FEBRIANA SAPUTRI', 'D3 Administrasi Bisnis', 2021, '2132610034', 'belum'),
(1271, 'MAULIDIYAH NURFATMALA', 'D3 Administrasi Bisnis', 2021, '2132610052', 'belum'),
(1272, 'MILA AYU NIERLISA', 'D3 Administrasi Bisnis', 2021, '2132610041', 'belum'),
(1270, 'MASETO ARYO PROBO', 'D3 Administrasi Bisnis', 2021, '2132610049', 'belum'),
(1269, 'KHOIRUN NISA\'', 'D3 Administrasi Bisnis', 2021, '2132610070', 'belum'),
(1268, 'KHOFIFAH DEVIA YULINDA', 'D3 Administrasi Bisnis', 2021, '2132610018', 'belum'),
(1267, 'KHARISMA SALSABILA AULIA', 'D3 Administrasi Bisnis', 2021, '2132610037', 'belum'),
(1266, 'INGE WIDYA PUSPITASARI', 'D3 Administrasi Bisnis', 2021, '2132610033', 'belum'),
(1265, 'IKLIL ABIYYU ZHAFRAN', 'D3 Administrasi Bisnis', 2021, '2132610039', 'sudah'),
(1262, 'FITRI ELOK RAHMADANI', 'D3 Administrasi Bisnis', 2021, '2132610048', 'belum'),
(1263, 'HANDINI WERDI NURYANING SAMPURNA', 'D3 Administrasi Bisnis', 2021, '2132610100', 'belum'),
(1264, 'HASANAH RAMADHANI PURBA', 'D3 Administrasi Bisnis', 2021, '2132610009', 'sudah'),
(1261, 'FARADILLA UTAMI PUTRI', 'D3 Administrasi Bisnis', 2021, '2132610096', 'belum'),
(1259, 'ELSA DWI LESTARI', 'D3 Administrasi Bisnis', 2021, '2132610020', 'sudah'),
(1260, 'FAJARIYATUL LAILI', 'D3 Administrasi Bisnis', 2021, '2132610008', 'sudah'),
(1258, 'DILA RAHAYU', 'D3 Administrasi Bisnis', 2021, '2132610013', 'belum'),
(1257, 'DIAN KUSMIATI', 'D3 Administrasi Bisnis', 2021, '2132610184', 'belum'),
(1256, 'DHANNY ADI PRASETYA', 'D3 Administrasi Bisnis', 2021, '2132610098', 'sudah'),
(1255, 'DEVITA DWI PUTRI CAHYANI', 'D3 Administrasi Bisnis', 2021, '2132610072', 'belum'),
(1254, 'DEVI RAMAWATI', 'D3 Administrasi Bisnis', 2021, '2132610092', 'belum'),
(1253, 'DAFFA HUSNI HIBBAN', 'D3 Administrasi Bisnis', 2021, '2132610079', 'sudah'),
(1252, 'ARDIANSYAH BINTANG PAMUNGKAS', 'D3 Administrasi Bisnis', 2021, '2132610095', 'belum'),
(1250, 'ANDARA NOVEMBI SAPUTRI', 'D3 Administrasi Bisnis', 2021, '2132610043', 'belum'),
(1251, 'ANGELIA FITRI KHARISMA', 'D3 Administrasi Bisnis', 2021, '2132610027', 'belum'),
(1249, 'AMMANDA ISNAINI', 'D3 Administrasi Bisnis', 2021, '2132610099', 'belum'),
(1247, 'ALVIN DAVIANSYAH', 'D3 Administrasi Bisnis', 2021, '2132610064', 'belum'),
(1248, 'ALVINA BINTI NADHIROH', 'D3 Administrasi Bisnis', 2021, '2132610004', 'belum'),
(1245, 'ACH. ZAKI PRATAMA', 'D3 Administrasi Bisnis', 2021, '2132610153', 'belum'),
(1246, 'ADELIA NURKHALISAH', 'D3 Administrasi Bisnis', 2021, '2132610094', 'belum'),
(1244, 'YULITA AMANDA PUTRI', 'D4 Akuntansi Manajemen', 2021, '2142520059', 'belum'),
(1243, 'WAFAQ ARIFATUL IZA', 'D4 Akuntansi Manajemen', 2021, '2142520033', 'belum'),
(1242, 'VITA WAHYU ASTUTI', 'D4 Akuntansi Manajemen', 2021, '2142520073', 'belum'),
(1240, 'TRIA WAHYUNI', 'D4 Akuntansi Manajemen', 2021, '2142520049', 'belum'),
(1241, 'UMI HABIBA', 'D4 Akuntansi Manajemen', 2021, '2142520051', 'belum'),
(1238, 'TIA PUTRI REFIANA', 'D4 Akuntansi Manajemen', 2021, '2142520013', 'belum'),
(1239, 'TINTA GUSTI', 'D4 Akuntansi Manajemen', 2021, '2142520136', 'belum'),
(1237, 'SULPIANA DWI WAHYUNI', 'D4 Akuntansi Manajemen', 2021, '2142520161', 'belum'),
(1236, 'SITI ZULAIKHA', 'D4 Akuntansi Manajemen', 2021, '2142520105', 'belum'),
(1235, 'SINTA KURNIA KHUSNUL KHOTIMAH', 'D4 Akuntansi Manajemen', 2021, '2142520098', 'belum'),
(1234, 'SAHILA SEPTI NUR ASIA', 'D4 Akuntansi Manajemen', 2021, '2142520003', 'belum'),
(1232, 'SAFERA NURHALIZA', 'D4 Akuntansi Manajemen', 2021, '2142520039', 'belum'),
(1233, 'SAFIRA RAHMA PUTRI', 'D4 Akuntansi Manajemen', 2021, '2142520123', 'sudah'),
(1231, 'RIZKY ANGGA PRIBADI', 'D4 Akuntansi Manajemen', 2021, '2142520135', 'belum'),
(1230, 'RIZKA NURAINI', 'D4 Akuntansi Manajemen', 2021, '2142520128', 'sudah'),
(1229, 'RIZKA DWI INDAH PUSPITASARI', 'D4 Akuntansi Manajemen', 2021, '2142520044', 'belum'),
(1227, 'RIVA ALIYA HABSYAH', 'D4 Akuntansi Manajemen', 2021, '2142520099', 'belum'),
(1228, 'RIZA FARIZAHA', 'D4 Akuntansi Manajemen', 2021, '2142520171', 'belum'),
(1226, 'RISA SOFI MARFUAH', 'D4 Akuntansi Manajemen', 2021, '2142520014', 'belum'),
(1224, 'RIKA TRI HANDAYANI', 'D4 Akuntansi Manajemen', 2021, '2142520050', 'belum'),
(1225, 'RIMA ADITYA DEWI', 'D4 Akuntansi Manajemen', 2021, '2142520129', 'belum'),
(1223, 'REVA AMORITA SUKARNO', 'D4 Akuntansi Manajemen', 2021, '2142520119', 'belum'),
(1222, 'RAHMA ANNISA MUNTARU', 'D4 Akuntansi Manajemen', 2021, '2142520146', 'belum'),
(1220, 'NUR AINI HAQIQI', 'D4 Akuntansi Manajemen', 2021, '2142520036', 'belum'),
(1221, 'PUTRI REGINA YUNI KURNIASARI', 'D4 Akuntansi Manajemen', 2021, '2142520026', 'belum'),
(1219, 'NOVITA RIZA WAHYUNI', 'D4 Akuntansi Manajemen', 2021, '2142520149', 'belum'),
(1218, 'NISA ATHAYA SAFITRI', 'D4 Akuntansi Manajemen', 2021, '2142520031', 'belum'),
(1216, 'MUHAMAT ABIDIN', 'D4 Akuntansi Manajemen', 2021, '2142520045', 'belum'),
(1217, 'NIKEN PUSPITA WANDANI', 'D4 Akuntansi Manajemen', 2021, '2142520175', 'belum'),
(1215, 'MUHAMAD AKMAL FAUZI', 'D4 Akuntansi Manajemen', 2021, '2142520009', 'belum'),
(1214, 'MEGA PUTRI ANDARI', 'D4 Akuntansi Manajemen', 2021, '2142520016', 'belum'),
(1213, 'LOUISYA ELSINTHA DE FRANSIST', 'D4 Akuntansi Manajemen', 2021, '2142520126', 'belum'),
(1212, 'LELA ANGGRAENI', 'D4 Akuntansi Manajemen', 2021, '2142520012', 'sudah'),
(1211, 'LAILATUS SA\'DIYAH', 'D4 Akuntansi Manajemen', 2021, '2142520096', 'belum'),
(1210, 'KOLIFAH ABDULLOH', 'D4 Akuntansi Manajemen', 2021, '2142520132', 'belum'),
(1209, 'KHELVIN SYAUQI ENDYANANTA', 'D4 Akuntansi Manajemen', 2021, '2142520080', 'belum'),
(1208, 'KEVIN RIZAL PUTRA ROHMANSYAH', 'D4 Akuntansi Manajemen', 2021, '2142520115', 'sudah'),
(1207, 'INTAN TORIKHUL JANAH', 'D4 Akuntansi Manajemen', 2021, '2142520092', 'belum'),
(1206, 'IKBAL MAULANA ISHAQ', 'D4 Akuntansi Manajemen', 2021, '2142520020', 'belum'),
(1205, 'FRIYANANDA AYUDYA NUR AZIZA', 'D4 Akuntansi Manajemen', 2021, '2142520155', 'belum'),
(1204, 'FITRI INDAH NURISKA', 'D4 Akuntansi Manajemen', 2021, '2142520035', 'sudah'),
(1203, 'FIDA ALFIANA PUTRI', 'D4 Akuntansi Manajemen', 2021, '2142520025', 'belum'),
(1202, 'FANNY ARI PRASAKTI', 'D4 Akuntansi Manajemen', 2021, '2142520089', 'sudah'),
(1201, 'FANI DUWI ANGGRAINI', 'D4 Akuntansi Manajemen', 2021, '2142520042', 'belum'),
(1200, 'ERWIN INDRA PRAYOGA', 'D4 Akuntansi Manajemen', 2021, '2142520095', 'belum'),
(1199, 'DYAH AYU MULYO LESTARI', 'D4 Akuntansi Manajemen', 2021, '2142520131', 'sudah'),
(1198, 'DEXSTRA DEVINA EVI NATHALIYA', 'D4 Akuntansi Manajemen', 2021, '2142520153', 'sudah'),
(1197, 'DEVI ARYA ROLLIFATUL FATMA', 'D4 Akuntansi Manajemen', 2021, '2142520130', 'belum'),
(1195, 'DEA NUR HALISAH', 'D4 Akuntansi Manajemen', 2021, '2142520152', 'belum'),
(1196, 'DEBI DIFFANDA HAYUNINGTYAS', 'D4 Akuntansi Manajemen', 2021, '2142520038', 'belum'),
(1194, 'CRISTY DEWI ANGGARANI', 'D4 Akuntansi Manajemen', 2021, '2142520021', 'sudah'),
(1193, 'CLAUDYA RACHEL PRASETYA', 'D4 Akuntansi Manajemen', 2021, '2142520222', 'belum'),
(1192, 'CLARISZA DEKANANDATAMA DHIVA ASMARA', 'D4 Akuntansi Manajemen', 2021, '2142520122', 'belum'),
(1191, 'CICI PARAMITA', 'D4 Akuntansi Manajemen', 2021, '2142520057', 'belum'),
(1190, 'CHERYL RAHMA AGNESSITA', 'D4 Akuntansi Manajemen', 2021, '2142520043', 'belum'),
(1189, 'ARYA CANDRA KUSUMA', 'D4 Akuntansi Manajemen', 2021, '2142520093', 'belum'),
(1188, 'ANI UMUL FITRIYAH', 'D4 Akuntansi Manajemen', 2021, '2142520157', 'belum'),
(1186, 'AMELIA DESTY KURNIA MAHA PUTRI', 'D4 Akuntansi Manajemen', 2021, '2142520102', 'belum'),
(1187, 'ANDRI RAHMAN KUSUMO', 'D4 Akuntansi Manajemen', 2021, '2142520114', 'belum'),
(1185, 'ALFIATUR ROHMA', 'D4 Akuntansi Manajemen', 2021, '2142520029', 'sudah'),
(1184, 'ALFIANA VIRANSA', 'D4 Akuntansi Manajemen', 2021, '2142520090', 'sudah'),
(1182, 'ABIYAH NANDA OKTAVIA PRANOTO', 'D4 Akuntansi Manajemen', 2021, '2142520108', 'sudah'),
(1183, 'AINUN IBNU AFFAN', 'D4 Akuntansi Manajemen', 2021, '2142520055', 'belum'),
(1181, 'YUNIA SUWARTI HANDAYANI', 'D4 Keuangan', 2021, '2142530059', 'belum'),
(1179, 'VERONICA', 'D4 Keuangan', 2021, '2142530072', 'belum'),
(1180, 'YOSEPHINA DWITA AYUNINGTYAS', 'D4 Keuangan', 2021, '2142530063', 'belum'),
(1178, 'SEPTIANA LUCKY RAGILIHANI', 'D4 Keuangan', 2021, '2142530004', 'sudah'),
(1176, 'MUHIMMATUL ALIYAH', 'D4 Keuangan', 2021, '2142530017', 'sudah'),
(1177, 'NUKMAIYA NABIGA', 'D4 Keuangan', 2021, '2142530066', 'sudah'),
(1174, 'LOLITA ANGGRIYANA SARI', 'D4 Keuangan', 2021, '2142530009', 'belum'),
(1175, 'MAYANDRA ARISANTO VASYA', 'D4 Keuangan', 2021, '2142530058', 'belum'),
(1172, 'IMELDA EXA YUNIA', 'D4 Keuangan', 2021, '2142530014', 'belum'),
(1173, 'LAILIA FITHROTUN NAFIAH', 'D4 Keuangan', 2021, '2142530070', 'belum'),
(1171, 'ELZA ZANUARIKA KUSNADI', 'D4 Keuangan', 2021, '2142530065', 'belum'),
(1170, 'CITY YULINDA SURYAWARNI PUTRI', 'D4 Keuangan', 2021, '2142530061', 'belum'),
(1169, 'ARDI KURNIAWAN', 'D4 Keuangan', 2021, '2142530069', 'belum'),
(1167, 'ANNISA\' QOLBIYATUS SYIFA\'', 'D4 Keuangan', 2021, '2142530064', 'belum'),
(1168, 'ARCHAMAZAEN', 'D4 Keuangan', 2021, '2142530010', 'sudah'),
(1165, 'AMELIA SYAIDATI KHOFIFAH', 'D4 Keuangan', 2021, '2142530008', 'belum'),
(1166, 'ANIS SAVIRA', 'D4 Keuangan', 2021, '2142530003', 'belum'),
(1164, 'AMALIA RIZKI MAULIDIA', 'D4 Keuangan', 2021, '2142530067', 'sudah'),
(1162, 'YULIANA MAYANGSARI', 'D3 Akuntansi', 2021, '2132510002', 'belum'),
(1163, 'ADELLIA FITRIA SARI', 'D4 Keuangan', 2021, '2142530015', 'belum'),
(1160, 'SONYA RISKIKA OLIVIA', 'D3 Akuntansi', 2021, '2132510056', 'belum'),
(1161, 'ULA AMALIA NUR TSABITA', 'D3 Akuntansi', 2021, '2132510032', 'belum'),
(1159, 'SITI NUR KHOLIFAH', 'D3 Akuntansi', 2021, '2132510006', 'belum'),
(1157, 'RIZKI MAULA ILSAFITRI', 'D3 Akuntansi', 2021, '2132510078', 'belum'),
(1158, 'SAILA IZZA SYARIFAH', 'D3 Akuntansi', 2021, '2132510021', 'belum'),
(1156, 'REGITHA JASMINE BERLIANA SARI', 'D3 Akuntansi', 2021, '2132510044', 'belum'),
(1155, 'RAYHAN ZAKY OCTAVIAN', 'D3 Akuntansi', 2021, '2132510036', 'sudah'),
(1153, 'PUTRI JUBAIDAH SAFA BANAFSAH', 'D3 Akuntansi', 2021, '2132510117', 'belum'),
(1154, 'PUTRI MAWARDATUL FITRIYAH', 'D3 Akuntansi', 2021, '2132510061', 'belum'),
(1152, 'PINGKY NUR WIDIA', 'D3 Akuntansi', 2021, '2132510019', 'belum'),
(1150, 'NOVITA RACHMA ANGGRAENY', 'D3 Akuntansi', 2021, '2132510050', 'belum'),
(1151, 'NURI IZZA BILLAH', 'D3 Akuntansi', 2021, '2132510144', 'belum'),
(1148, 'NISHA LATHIFATUL AISYAH', 'D3 Akuntansi', 2021, '2132510072', 'belum'),
(1149, 'NITA PRAVIKA SARI', 'D3 Akuntansi', 2021, '2132510010', 'belum'),
(1146, 'NAURAH BALQIS HAFSARI', 'D3 Akuntansi', 2021, '2132510074', 'belum'),
(1147, 'NINDIA RARA AMELIA', 'D3 Akuntansi', 2021, '2132510075', 'sudah'),
(1145, 'NABILAH ZAHRAH', 'D3 Akuntansi', 2021, '2132510030', 'belum'),
(1143, 'MUHAMMAD YOFA TRI HANDOYO', 'D3 Akuntansi', 2021, '2132510079', 'belum'),
(1144, 'NABILA WAHYU SYAHFITRI', 'D3 Akuntansi', 2021, '2132510013', 'belum'),
(1141, 'MOHAMAD MAULANA BAEHAKI', 'D3 Akuntansi', 2021, '2132510014', 'belum'),
(1142, 'MONYCA', 'D3 Akuntansi', 2021, '2132510033', 'belum'),
(1140, 'LELLYANA SEPTI NUGROHO', 'D3 Akuntansi', 2021, '2132510001', 'belum'),
(1139, 'JESSICA GRACE FOURREENCIA SITINJAK', 'D3 Akuntansi', 2021, '2132510035', 'sudah'),
(1138, 'INDANA TAZKIA SILVI', 'D3 Akuntansi', 2021, '2132510065', 'belum'),
(1136, 'IKE VIAN SASMITANINGTYAS', 'D3 Akuntansi', 2021, '2132510023', 'belum'),
(1137, 'ILLUIS CARELLIA', 'D3 Akuntansi', 2021, '2132510004', 'belum'),
(1135, 'FITRIYATUL FASILA', 'D3 Akuntansi', 2021, '2132510005', 'sudah'),
(1133, 'DINA', 'D3 Akuntansi', 2021, '2132510060', 'belum'),
(1134, 'EQY FAISOL PUTRA', 'D3 Akuntansi', 2021, '2132510008', 'belum'),
(1132, 'DIAH EKA FITRIANI', 'D3 Akuntansi', 2021, '2132510025', 'sudah'),
(1130, 'DEVI PUTRI SARI', 'D3 Akuntansi', 2021, '2132510028', 'belum'),
(1131, 'DEVINA OCTAVIA AZ-ZAHRA', 'D3 Akuntansi', 2021, '2132510017', 'belum'),
(1129, 'DARA DINANTI', 'D3 Akuntansi', 2021, '2132510022', 'belum'),
(1127, 'AYU HOSNUL HOTIMAH', 'D3 Akuntansi', 2021, '2132510041', 'belum'),
(1128, 'AYU SAPUTRI', 'D3 Akuntansi', 2021, '2132510047', 'belum'),
(1125, 'ANA KUSNUL KHOTIMAH', 'D3 Akuntansi', 2021, '2132510024', 'belum'),
(1126, 'APRILIA KARINA GUNAWAN', 'D3 Akuntansi', 2021, '2132510009', 'sudah'),
(1123, 'ADRIANA RIZKY IRMALIA', 'D3 Akuntansi', 2021, '2132510027', 'belum'),
(1124, 'AMANDA PUTRI SURYATMOKO', 'D3 Akuntansi', 2021, '2132510077', 'belum'),
(1121, 'WILDAN HAFIDZ MAULUDIN', 'D4 Teknik Informatika', 2021, '2141720007', 'belum'),
(1122, 'WIRADARMA NURMAGIKA BAGASKARA', 'D4 Teknik Informatika', 2021, '2141720184', 'belum'),
(1118, 'SUKMA GLADYS VELLANIE', 'D4 Teknik Informatika', 2021, '2141720179', 'belum'),
(1119, 'TARISTA DWI SILVIA', 'D4 Teknik Informatika', 2021, '2141720014', 'sudah'),
(1120, 'TRISINUS GULO', 'D4 Teknik Informatika', 2021, '2141720035', 'sudah'),
(1117, 'SHOVINAS HANUN', 'D4 Teknik Informatika', 2021, '2141720252', 'belum'),
(1115, 'SEPTI LUTFIANA', 'D4 Teknik Informatika', 2021, '2141720038', 'sudah'),
(1116, 'SHOFIATUL AYU ANIKANINGRUM', 'D4 Teknik Informatika', 2021, '2141720048', 'sudah'),
(1114, 'SELY RULI AMANDA', 'D4 Teknik Informatika', 2021, '2141720005', 'sudah'),
(1113, 'RR. DENTI NURRAMADHONA', 'D4 Teknik Informatika', 2021, '2141720250', 'belum'),
(1112, 'RIDWAN CAESAR RIZQI KARISMA BIWARNI', 'D4 Teknik Informatika', 2021, '2141720183', 'belum'),
(1111, 'RADEN RIZKI', 'D4 Teknik Informatika', 2021, '2141720064', 'belum'),
(1110, 'PATRIA ANGGARA SUSILO PUTRA', 'D4 Teknik Informatika', 2021, '2141720058', 'belum'),
(1109, 'NADYA PUTRI AMALIA', 'D4 Teknik Informatika', 2021, '2141720043', 'sudah'),
(1108, 'NABILAH AMAALINA SYAFA', 'D4 Teknik Informatika', 2021, '2141720198', 'sudah'),
(1106, 'MUHAMMAD HATTA', 'D4 Teknik Informatika', 2021, '2141720021', 'belum'),
(1107, 'MUKHAMAD FARUQ AL FAHMI', 'D4 Teknik Informatika', 2021, '2141720066', 'sudah'),
(1105, 'MUHAMMAD AQILUL MUTTAQIN', 'D4 Teknik Informatika', 2021, '2141720182', 'belum'),
(1104, 'MUHAMMAD ALVI FIKRI', 'D4 Teknik Informatika', 2021, '2141720190', 'belum'),
(1103, 'MUHAMMAD \'ALI MURROFID', 'D4 Teknik Informatika', 2021, '2141720191', 'sudah'),
(1101, 'MOCHAMMAD ZAKY ZAMRONI', 'D4 Teknik Informatika', 2021, '2141720173', 'sudah'),
(1102, 'MOHAMMAD IZAMUL FIKRI FAHMI', 'D4 Teknik Informatika', 2021, '2141720171', 'belum'),
(1100, 'MOCH. NADI RAFLI MAULANA', 'D4 Teknik Informatika', 2021, '2141720188', 'belum'),
(1099, 'MIRABELL JOICE LAURA', 'D4 Teknik Informatika', 2021, '2141720174', 'belum'),
(1097, 'MAULIDIO FARHAN RIZKULLAH', 'D4 Teknik Informatika', 2021, '2141720041', 'sudah'),
(1098, 'MELLYANA TUNDJUNG', 'D4 Teknik Informatika', 2021, '2141720061', 'belum'),
(1096, 'MARIA FADILLA', 'D4 Teknik Informatika', 2021, '2141720063', 'sudah'),
(1095, 'MAIDY PUTRI JOSHI', 'D4 Teknik Informatika', 2021, '2141720060', 'belum'),
(1094, 'MAGFIROH INDAH KARISMA', 'D4 Teknik Informatika', 2021, '2141720180', 'sudah'),
(1092, 'M. ROHMATUL MAULUDI', 'D4 Teknik Informatika', 2021, '2141720062', 'sudah'),
(1093, 'M. ROM DONI', 'D4 Teknik Informatika', 2021, '2141720037', 'belum'),
(1091, 'LAILATUL BADRIYAH', 'D4 Teknik Informatika', 2021, '2141720036', 'belum'),
(1090, 'KURNIAWATI AGUSTINA', 'D4 Teknik Informatika', 2021, '2141720040', 'belum'),
(1089, 'JAUHAR MAULANA A\'LA', 'D4 Teknik Informatika', 2021, '2141720186', 'belum'),
(1088, 'IBNU HAJAR ASKHOLANI', 'D4 Teknik Informatika', 2021, '2141720170', 'belum'),
(1086, 'FIKRIL HADAD RAMADHANI', 'D4 Teknik Informatika', 2021, '2141720175', 'belum'),
(1087, 'GABRIEL DIMAS WICAKSONO', 'D4 Teknik Informatika', 2021, '2141720181', 'sudah'),
(1084, 'DANDY WAHYU SYAHPUTRA', 'D4 Teknik Informatika', 2021, '2141720002', 'belum'),
(1085, 'DEVI ANDINI FEBRIANTI', 'D4 Teknik Informatika', 2021, '2141720189', 'sudah'),
(1083, 'BILLIE FAIQUL IZZAT', 'D4 Teknik Informatika', 2021, '2141720051', 'belum'),
(1082, 'ARYO DEVA SAPUTRA', 'D4 Teknik Informatika', 2021, '2141720176', 'sudah'),
(1081, 'ANDI DWI PRASTYO', 'D4 Teknik Informatika', 2021, '2141720046', 'belum'),
(1079, 'ALWAN ALAWI', 'D4 Teknik Informatika', 2021, '2141720178', 'belum'),
(1080, 'ALYA MARLIZA KOESNANTO', 'D4 Teknik Informatika', 2021, '2141720004', 'sudah'),
(1078, 'ALFINO FEBRY KRISSAPUTRA', 'D4 Teknik Informatika', 2021, '2141720187', 'belum'),
(1077, 'AHMAD FATHAN AQIL FAIQ', 'D4 Teknik Informatika', 2021, '2141720172', 'belum'),
(1076, 'AFDHOL AFFANUDDIN', 'D4 Teknik Informatika', 2021, '2141720253', 'belum'),
(1075, 'ADAM RAFI REZANDI', 'D4 Teknik Informatika', 2021, '2141720185', 'belum'),
(1074, 'ABDUL BASITH BAHI', 'D4 Teknik Informatika', 2021, '2141720177', 'belum'),
(1073, 'ZUFAR ARDIAN MUHAIMIN', 'D3 Manajemen Informatika', 2021, '2131710117', 'belum'),
(1072, 'WIRASWANTI RISMANDA PUTRI', 'D3 Manajemen Informatika', 2021, '2131710021', 'belum'),
(1071, 'ROSSI DEA AGATHA', 'D3 Manajemen Informatika', 2021, '2131710112', 'belum'),
(1070, 'RIZA AFIF SYAMAIDZAR', 'D3 Manajemen Informatika', 2021, '2131710035', 'belum'),
(1069, 'RENDY SEPTIAN PRADANA', 'D3 Manajemen Informatika', 2021, '2131710018', 'belum'),
(1068, 'RAHMAT ARDIANZAH', 'D3 Manajemen Informatika', 2021, '2131710113', 'belum'),
(1067, 'NUR ALIMAH', 'D3 Manajemen Informatika', 2021, '2131710004', 'sudah'),
(1066, 'NEVI MARITA RIMADHANI', 'D3 Manajemen Informatika', 2021, '2131710025', 'belum'),
(1065, 'NASSWA MAURA SYAWALIA', 'D3 Manajemen Informatika', 2021, '2131710027', 'belum'),
(1064, 'NAFIATUL FADLILAH', 'D3 Manajemen Informatika', 2021, '2131710030', 'sudah'),
(1063, 'MUHAMMAD SULTAN MACHFUD ALGHIFARI', 'D3 Manajemen Informatika', 2021, '2131710119', 'belum'),
(1062, 'MOH. UMAR AL FARUK', 'D3 Manajemen Informatika', 2021, '2131710032', 'belum'),
(1061, 'MOCH FERDIANSYAH', 'D3 Manajemen Informatika', 2021, '2131710116', 'belum'),
(1060, 'MAULANA AKBAR', 'D3 Manajemen Informatika', 2021, '2131710121', 'belum'),
(1058, 'HENGKI ASMORO BANGUN', 'D3 Manajemen Informatika', 2021, '2131710020', 'belum'),
(1059, 'IK-RARS\'JATI PRAMESTI', 'D3 Manajemen Informatika', 2021, '2131710003', 'belum'),
(1057, 'FATMA ANGGRAINI MU\'AROFAH', 'D3 Manajemen Informatika', 2021, '2131710010', 'belum'),
(1056, 'FADLY ULYA SATRIADI', 'D3 Manajemen Informatika', 2021, '2131710110', 'belum'),
(1054, 'DANIEL ROBINHOT HABEAHAN', 'D3 Manajemen Informatika', 2021, '2131710123', 'belum'),
(1055, 'FABLO AIMAR', 'D3 Manajemen Informatika', 2021, '2131710118', 'sudah'),
(1053, 'CATUR WULAN NDARI', 'D3 Manajemen Informatika', 2021, '2131710111', 'belum'),
(1051, 'AZIZAH PUTRI DIKMARA', 'D3 Manajemen Informatika', 2021, '2131710017', 'belum'),
(1052, 'BAGUS NURCAHYO', 'D3 Manajemen Informatika', 2021, '2131710120', 'belum'),
(1050, 'ANDHIKA DWI KHALISYAHPUTRA', 'D3 Manajemen Informatika', 2021, '2131710114', 'belum'),
(1049, 'ANANDA GALANG SAPUTRA', 'D3 Manajemen Informatika', 2021, '2131710124', 'belum'),
(1048, 'AHMAD YUSRIL MAULANA. BD', 'D3 Manajemen Informatika', 2021, '2131710127', 'belum'),
(1046, 'AHMAD HANAFI MUBAROK', 'D3 Manajemen Informatika', 2021, '2131710009', 'belum'),
(1047, 'AHMAD MAULANA DANI AKBAR', 'D3 Manajemen Informatika', 2021, '2131710031', 'belum'),
(1045, 'RIZAL GUNAWAN', 'D3 Teknologi Pertambangan', 2021, '2131340005', 'belum'),
(1044, 'RISKITA ARGESTYA', 'D3 Teknologi Pertambangan', 2021, '2131340030', 'sudah'),
(1042, 'M SATRIA WIJAYA', 'D3 Teknologi Pertambangan', 2021, '2131340019', 'belum'),
(1043, 'MUHAMMAD RIZAD AMSORI', 'D3 Teknologi Pertambangan', 2021, '2131340020', 'belum'),
(1041, 'KIKI NURFADILA', 'D3 Teknologi Pertambangan', 2021, '2131340006', 'belum'),
(1040, 'GIBRAN MALIK ARVAI', 'D3 Teknologi Pertambangan', 2021, '2131340027', 'belum'),
(1038, 'AJENG AISTIYA', 'D3 Teknologi Pertambangan', 2021, '2131340001', 'belum'),
(1039, 'AMELIA PARAMITHA APSARI', 'D3 Teknologi Pertambangan', 2021, '2131340015', 'sudah'),
(1036, 'VITRIA DEVANNY ARRICHA', 'D4 Teknologi Kimia Industri', 2021, '2141420069', 'sudah'),
(1037, 'WIDYAISWARA NIRMALA WULANDARI', 'D4 Teknologi Kimia Industri', 2021, '2141420073', 'belum'),
(1035, 'VIRA CINTYA RAMADHANI', 'D4 Teknologi Kimia Industri', 2021, '2141420014', 'belum'),
(1034, 'TERISA NATALIA', 'D4 Teknologi Kimia Industri', 2021, '2141420002', 'sudah'),
(1033, 'SITI SYILFIA AISYA', 'D4 Teknologi Kimia Industri', 2021, '2141420100', 'sudah'),
(1032, 'SITI JAMILAH', 'D4 Teknologi Kimia Industri', 2021, '2141420070', 'sudah'),
(1031, 'RENNY CHINTIA FATMA', 'D4 Teknologi Kimia Industri', 2021, '2141420072', 'sudah'),
(1030, 'RAMA DEVANA PUTRA', 'D4 Teknologi Kimia Industri', 2021, '2141420075', 'sudah'),
(1029, 'NORA AULIA APSARIN', 'D4 Teknologi Kimia Industri', 2021, '2141420076', 'sudah'),
(1028, 'NASYA PINGKI FEBRIANI', 'D4 Teknologi Kimia Industri', 2021, '2141420079', 'belum'),
(1027, 'M. AINUN NAJIB', 'D4 Teknologi Kimia Industri', 2021, '2141420027', 'sudah'),
(1026, 'LUCKY AYU NAZIRA', 'D4 Teknologi Kimia Industri', 2021, '2141420024', 'sudah'),
(1025, 'KARIMA NUR FAIKOHA', 'D4 Teknologi Kimia Industri', 2021, '2141420001', 'belum'),
(1024, 'HANI DWI SETYOWINANTI', 'D4 Teknologi Kimia Industri', 2021, '2141420071', 'belum'),
(1023, 'FERLITA NOVEMIA AGUSTINA', 'D4 Teknologi Kimia Industri', 2021, '2141420078', 'sudah'),
(1022, 'FAZRA FATIMAH AZZAHROH', 'D4 Teknologi Kimia Industri', 2021, '2141420018', 'sudah'),
(1021, 'FATIKHATUL MUHIBAH', 'D4 Teknologi Kimia Industri', 2021, '2141420021', 'belum'),
(1020, 'FASKARIA BR SIBURIAN', 'D4 Teknologi Kimia Industri', 2021, '2141420032', 'belum'),
(1018, 'DILA DWI PUSPITASARI', 'D4 Teknologi Kimia Industri', 2021, '2141420017', 'sudah'),
(1019, 'DODI FIRMANSYA', 'D4 Teknologi Kimia Industri', 2021, '2141420026', 'sudah'),
(1017, 'ANISA NURUL IZZA', 'D4 Teknologi Kimia Industri', 2021, '2141420077', 'sudah'),
(1016, 'ANGGA BUDI SAPUTRA', 'D4 Teknologi Kimia Industri', 2021, '2141420099', 'belum'),
(1014, 'AISYAH FARALINDA', 'D4 Teknologi Kimia Industri', 2021, '2141420009', 'sudah'),
(1015, 'ALFI CHOIRUNNISA', 'D4 Teknologi Kimia Industri', 2021, '2141420068', 'belum'),
(1013, 'AGUS BUDI SANTOSO', 'D4 Teknologi Kimia Industri', 2021, '2141420074', 'sudah'),
(1011, 'SHEVIRA PUTRI KUSUMA DEWI', 'D3 Teknik Kimia', 2021, '2131410044', 'belum'),
(1012, 'YUSFIKE FUDZIA NINGSIH', 'D3 Teknik Kimia', 2021, '2131410014', 'belum'),
(1010, 'MUHAMAD DIVA AULIA RAHMAN', 'D3 Teknik Kimia', 2021, '2131410003', 'sudah'),
(1009, 'MOCH.IKHSAN WAHYUDI', 'D3 Teknik Kimia', 2021, '2131410016', 'sudah'),
(1007, 'MAULIDIA RAHMA', 'D3 Teknik Kimia', 2021, '2131410010', 'belum'),
(1008, 'MILLATUL KARIMAH', 'D3 Teknik Kimia', 2021, '2131410002', 'sudah'),
(1006, 'HAWA YAUMI RAHMAWATI', 'D3 Teknik Kimia', 2021, '2131410011', 'belum'),
(1005, 'FIQHI AKMALIA DINI', 'D3 Teknik Kimia', 2021, '2131410042', 'belum'),
(1003, 'FAIQOH AUDRIA KARINA', 'D3 Teknik Kimia', 2021, '2131410018', 'belum'),
(1004, 'FARIKHATUL IZA RIRIS', 'D3 Teknik Kimia', 2021, '2131410004', 'belum'),
(1002, 'ARGA YUSUP FERIANSYAH', 'D3 Teknik Kimia', 2021, '2131410043', 'sudah'),
(1001, 'AGNES NI KETUT FIORE MENGAN', 'D3 Teknik Kimia', 2021, '2131410008', 'sudah'),
(1000, 'YEYEN FAJAR HERLAMBANG', 'D4 Manajemen Rekayasa Konstruksi', 2021, '2141320026', 'belum'),
(999, 'WAHYU ZAENA AKMALA', 'D4 Manajemen Rekayasa Konstruksi', 2021, '2141320118', 'belum'),
(998, 'VIRANA AZIZAH', 'D4 Manajemen Rekayasa Konstruksi', 2021, '2141320061', 'belum'),
(997, 'VANDA MARINI PUTRI', 'D4 Manajemen Rekayasa Konstruksi', 2021, '2141320064', 'belum'),
(996, 'UNTUNG SUDRAJAT', 'D4 Manajemen Rekayasa Konstruksi', 2021, '2141320117', 'belum'),
(995, 'SITI MUTAQWAROH', 'D4 Manajemen Rekayasa Konstruksi', 2021, '2141320120', 'belum'),
(993, 'SALSABELA', 'D4 Manajemen Rekayasa Konstruksi', 2021, '2141320022', 'belum'),
(994, 'SHEALVIA RATNA DEWI', 'D4 Manajemen Rekayasa Konstruksi', 2021, '2141320066', 'sudah'),
(992, 'RETNO DWI ANGGRAINI', 'D4 Manajemen Rekayasa Konstruksi', 2021, '2141320019', 'belum'),
(991, 'RESTU PUTRA FAJAR', 'D4 Manajemen Rekayasa Konstruksi', 2021, '2141320063', 'sudah'),
(990, 'RENDY SILFESTER NDU UFI', 'D4 Manajemen Rekayasa Konstruksi', 2021, '2141320075', 'belum'),
(989, 'NUR SAFITRI', 'D4 Manajemen Rekayasa Konstruksi', 2021, '2141320001', 'belum'),
(988, 'NAUFAL RABBANI AHMAD', 'D4 Manajemen Rekayasa Konstruksi', 2021, '2141320062', 'belum'),
(987, 'MUHAMMAD HISHAM ATAFALAH', 'D4 Manajemen Rekayasa Konstruksi', 2021, '2141320010', 'belum'),
(985, 'MOHAMAD DAVA NIZAR ALFIAN', 'D4 Manajemen Rekayasa Konstruksi', 2021, '2141320119', 'belum'),
(986, 'MUHAMMAD AMAR FARDANI', 'D4 Manajemen Rekayasa Konstruksi', 2021, '2141320007', 'belum'),
(984, 'KEN KEN CATERINA', 'D4 Manajemen Rekayasa Konstruksi', 2021, '2141320033', 'belum'),
(983, 'HAUNA WAFIQ MAZAYA', 'D4 Manajemen Rekayasa Konstruksi', 2021, '2141320065', 'belum'),
(981, 'EL VURI FAJAR RENI', 'D4 Manajemen Rekayasa Konstruksi', 2021, '2141320003', 'belum'),
(982, 'FITRIA DWI MIFTAKHUL AMALLIA', 'D4 Manajemen Rekayasa Konstruksi', 2021, '2141320067', 'belum'),
(980, 'DYAHSALSABILA PUTRI', 'D4 Manajemen Rekayasa Konstruksi', 2021, '2141320020', 'belum'),
(979, 'CHINTIA INDAH LESTARI', 'D4 Manajemen Rekayasa Konstruksi', 2021, '2141320018', 'belum'),
(978, 'AZRIL AGTHA ARIFQIFADILLAH', 'D4 Manajemen Rekayasa Konstruksi', 2021, '2141320017', 'belum'),
(977, 'AYU LESTARI', 'D4 Manajemen Rekayasa Konstruksi', 2021, '2141320116', 'belum'),
(976, 'ARYA TINDAK WICAKSANA', 'D4 Manajemen Rekayasa Konstruksi', 2021, '2141320021', 'belum'),
(975, 'ARDIAS PRIYA WIJAYA', 'D4 Manajemen Rekayasa Konstruksi', 2021, '2141320027', 'belum'),
(974, 'ANDIS MAULANA', 'D4 Manajemen Rekayasa Konstruksi', 2021, '2141320068', 'belum'),
(973, 'AHMAD FAKHI ZUKHRUF AULANA', 'D4 Manajemen Rekayasa Konstruksi', 2021, '2141320025', 'belum'),
(972, 'ADITYA PRATAMA', 'D4 Manajemen Rekayasa Konstruksi', 2021, '2141320121', 'belum'),
(971, 'FAISAL AFFANDI', 'D3 Teknologi Konstruksi Jalan, Jembatan, dan Bangunan Air', 2021, '2131330004', 'belum'),
(969, 'WIDYA FAJAR RIANI', 'D3 Teknik Sipil', 2021, '2131310028', 'belum'),
(970, 'AJENG DWI FEBRIYANTI', 'D3 Teknologi Konstruksi Jalan, Jembatan, dan Bangunan Air', 2021, '2131330001', 'belum'),
(968, 'WAHYU AJI SURA', 'D3 Teknik Sipil', 2021, '2131310009', 'belum'),
(967, 'ROSYIDAH AULIYA HAQIQI NASUTION', 'D3 Teknik Sipil', 2021, '2131310001', 'belum'),
(966, 'RESTU ANGGORO', 'D3 Teknik Sipil', 2021, '2131310008', 'belum'),
(965, 'MOH. HABIBULLAH', 'D3 Teknik Sipil', 2021, '2131310063', 'belum'),
(964, 'MICHAELA CORA WELBYAN SUJATMIKO', 'D3 Teknik Sipil', 2021, '2131310054', 'belum'),
(962, 'FAJAR SUKRISNA', 'D3 Teknik Sipil', 2021, '2131310029', 'belum'),
(963, 'KUN KHISNANA', 'D3 Teknik Sipil', 2021, '2131310015', 'belum'),
(961, 'DODIK NURSALEH', 'D3 Teknik Sipil', 2021, '2131310006', 'belum'),
(960, 'ASMA\'UL KHUSNAINI', 'D3 Teknik Sipil', 2021, '2131310012', 'belum'),
(959, 'ALGINA DIA TASYA', 'D3 Teknik Sipil', 2021, '2131310004', 'belum'),
(958, 'AFNAN FIKRI FAKHRUDDIN', 'D3 Teknik Sipil', 2021, '2131310034', 'belum');
INSERT INTO `tbl_user` (`id_user`, `nama_lengkap`, `prodi`, `angkatan`, `pin`, `status`) VALUES
(957, 'WILLY WIDIATNA KURNIAWAN', 'D4 Teknik Otomotif Elektronik', 2021, '2141220077', 'belum'),
(956, 'SYAHDAN NOOR FADILLAH', 'D4 Teknik Otomotif Elektronik', 2021, '2141220078', 'sudah'),
(955, 'MUKHAMMAD RIFQI ABDILLAH', 'D4 Teknik Otomotif Elektronik', 2021, '2141220079', 'sudah'),
(954, 'MUHAMMAD ROCHMAD ROMADHONI', 'D4 Teknik Otomotif Elektronik', 2021, '2141220007', 'belum'),
(953, 'MUHAMMAD NURMAN SURYA ALLAMSYAH', 'D4 Teknik Otomotif Elektronik', 2021, '2141220014', 'belum'),
(951, 'MAS\'UD AS-SYIDIQ', 'D4 Teknik Otomotif Elektronik', 2021, '2141220012', 'belum'),
(952, 'MISBAHUL MUNIR', 'D4 Teknik Otomotif Elektronik', 2021, '2141220025', 'belum'),
(950, 'HISYAM SYAIFULLOH', 'D4 Teknik Otomotif Elektronik', 2021, '2141220002', 'belum'),
(949, 'FATQI NASRULLOH', 'D4 Teknik Otomotif Elektronik', 2021, '2141220026', 'sudah'),
(948, 'CHARIS AFRIZA EKA RHENANTA', 'D4 Teknik Otomotif Elektronik', 2021, '2141220017', 'belum'),
(947, 'BAGUS IRAWAN', 'D4 Teknik Otomotif Elektronik', 2021, '2141220018', 'belum'),
(946, 'YOSI ADI SAPUTRA', 'D4 Jaringan Telekomunikasi Digital', 2021, '2141230005', 'belum'),
(945, 'TRINDI SEPTIAN', 'D4 Jaringan Telekomunikasi Digital', 2021, '2141230112', 'sudah'),
(944, 'TAUFIK DWI PUTRA', 'D4 Jaringan Telekomunikasi Digital', 2021, '2141230018', 'sudah'),
(942, 'NUZILADYAH AZANI', 'D4 Jaringan Telekomunikasi Digital', 2021, '2141230029', 'belum'),
(943, 'PRILANA YUDA WIDYASTAMA', 'D4 Jaringan Telekomunikasi Digital', 2021, '2141230115', 'belum'),
(941, 'MUHAMMAD WILDAN SYIFATILLAH', 'D4 Jaringan Telekomunikasi Digital', 2021, '2141230009', 'belum'),
(940, 'MUGHIST GUTAYBAH ARDI PUTRA', 'D4 Jaringan Telekomunikasi Digital', 2021, '2141230017', 'sudah'),
(939, 'GADIS INDAH PERMATA SARI', 'D4 Jaringan Telekomunikasi Digital', 2021, '2141160032', 'sudah'),
(938, 'FIKY FIRMANSYAH', 'D4 Teknik Mesin Produksi dan Perawatan', 2021, '2141230015', 'sudah'),
(937, 'YOGA ADITYA PRATAMA', 'D3 Teknik Mesin', 2021, '2131210005', 'belum'),
(936, 'TASRIQUL FURQON', 'D3 Teknik Mesin', 2021, '2131210037', 'sudah'),
(935, 'RIZALDI RIZQI MAHENDRA', 'D3 Teknik Mesin', 2021, '2131210026', 'belum'),
(934, 'RENALDY PRASETYO NUGROHO', 'D3 Teknik Mesin', 2021, '2131210015', 'belum'),
(933, 'MUQORROBIN RAHMAN BAHTIAR', 'D3 Teknik Mesin', 2021, '2131210162', 'belum'),
(932, 'MUHAMMAD IBROHIM \'ABDULLOH AS SHIDDIIQ', 'D3 Teknik Mesin', 2021, '2131210161', 'belum'),
(931, 'MUHAMMAD HUSARIFA ALHAFIZ', 'D3 Teknik Mesin', 2021, '2131210036', 'belum'),
(929, 'MOHAMAD YOFI ARDIANSYAH', 'D3 Teknik Mesin', 2021, '2131210138', 'belum'),
(930, 'MOHAMMED ARIEN SIWINDARU', 'D3 Teknik Mesin', 2021, '2131210016', 'sudah'),
(927, 'MOCHAMMAD MUSTOFA GHULAMI', 'D3 Teknik Mesin', 2021, '2131210025', 'belum'),
(928, 'MOHAMAD ANFASA FAROH FI', 'D3 Teknik Mesin', 2021, '2131210054', 'belum'),
(925, 'JULIANA ATIKA PRATIWI', 'D3 Teknik Mesin', 2021, '2131210019', 'sudah'),
(926, 'LISTIANTO TRIAN FERDIANSAH', 'D3 Teknik Mesin', 2021, '2131210030', 'belum'),
(924, 'JHENNI FIRMANSYAH', 'D3 Teknik Mesin', 2021, '2131210133', 'belum'),
(923, 'INDY KUSUMA', 'D3 Teknik Mesin', 2021, '2131210140', 'sudah'),
(921, 'FIQIH FIRMANSAH', 'D3 Teknik Mesin', 2021, '2131210002', 'belum'),
(922, 'FITRIA NUR FADILAH', 'D3 Teknik Mesin', 2021, '2131210039', 'sudah'),
(920, 'FARUQ SIRAJUDIN', 'D3 Teknik Mesin', 2021, '2131210129', 'belum'),
(919, 'FAHMI HUTA GAUL', 'D3 Teknik Mesin', 2021, '2131210041', 'sudah'),
(918, 'DHADANG PERMANA', 'D3 Teknik Mesin', 2021, '2131210021', 'belum'),
(917, 'DAMAN HURI ABAS', 'D3 Teknik Mesin', 2021, '2131210132', 'belum'),
(915, 'AULIYA KADZI', 'D3 Teknik Mesin', 2021, '2131210046', 'sudah'),
(916, 'CHELSEA NILA ANJALI', 'D3 Teknik Mesin', 2021, '2131210029', 'belum'),
(914, 'ARDO SUPENDI', 'D3 Teknik Mesin', 2021, '2131210131', 'sudah'),
(912, 'AHMAD ZAIM MUBAROK', 'D3 Teknik Mesin', 2021, '2131210018', 'belum'),
(913, 'ALDI DWI INDIARTO', 'D3 Teknik Mesin', 2021, '2131210134', 'belum'),
(911, 'AHMAD RIZKY HIDAYAT', 'D3 Teknik Mesin', 2021, '2131210020', 'sudah'),
(910, 'AHMAD MAULANA AL FARIS', 'D3 Teknik Mesin', 2021, '2131210136', 'belum'),
(909, 'AHMAD FAIS YUT DARONI', 'D3 Teknik Mesin', 2021, '2131210160', 'belum'),
(907, 'WIDIYA WATI', 'D4 Jaringan Telekomunikasi Digital', 2021, '2141160106', 'belum'),
(908, 'ZAENALDO PRATIKAWA PRASTIANTO', 'D4 Jaringan Telekomunikasi Digital', 2021, '2141160108', 'sudah'),
(906, 'SINTIAWATI', 'D4 Jaringan Telekomunikasi Digital', 2021, '2141160034', 'belum'),
(904, 'RONI SETIAWAN', 'D4 Jaringan Telekomunikasi Digital', 2021, '2141160023', 'belum'),
(905, 'SALASATUR ROYYAN', 'D4 Jaringan Telekomunikasi Digital', 2021, '2141160101', 'belum'),
(903, 'RIZKY ARDHITYA', 'D4 Jaringan Telekomunikasi Digital', 2021, '2141160103', 'belum'),
(902, 'RIA AMANDA SALSABELLA', 'D4 Jaringan Telekomunikasi Digital', 2021, '2141160009', 'belum'),
(901, 'RABBANI YUSUF GHAZALI', 'D4 Jaringan Telekomunikasi Digital', 2021, '2141160107', 'belum'),
(900, 'OKTAVIANA NISAUL KAMIDAH', 'D4 Jaringan Telekomunikasi Digital', 2021, '2141160028', 'belum'),
(899, 'MUSLIMAH NURAINI PUTRI UTAMI', 'D4 Jaringan Telekomunikasi Digital', 2021, '2141160021', 'belum'),
(898, 'MOCHAMAD FADLI GIMAWAN', 'D4 Jaringan Telekomunikasi Digital', 2021, '2141160031', 'belum'),
(897, 'MISBAHUL RAFI', 'D4 Jaringan Telekomunikasi Digital', 2021, '2141160099', 'belum'),
(895, 'MATLUBATUL MASQUROH', 'D4 Jaringan Telekomunikasi Digital', 2021, '2141160100', 'belum'),
(896, 'MILINDA HELMA SAFITRI', 'D4 Jaringan Telekomunikasi Digital', 2021, '2141160001', 'sudah'),
(894, 'ICHA ANJELINA KUSUMA WARDANI', 'D4 Jaringan Telekomunikasi Digital', 2021, '2141160010', 'belum'),
(893, 'FITRIYA ANGGRAYNI', 'D4 Jaringan Telekomunikasi Digital', 2021, '2141160104', 'sudah'),
(892, 'FARRAH NURHALIZAH', 'D4 Jaringan Telekomunikasi Digital', 2021, '2141160015', 'belum'),
(890, 'DHEA ADRIKA ZAHRO ASYHARI', 'D4 Jaringan Telekomunikasi Digital', 2021, '2141160110', 'belum'),
(891, 'DWIKI FIRMAN ABDILLAH', 'D4 Jaringan Telekomunikasi Digital', 2021, '2141160125', 'belum'),
(889, 'DESI FITRIANTI', 'D4 Jaringan Telekomunikasi Digital', 2021, '2141160011', 'sudah'),
(888, 'DEBI DELA KURNIAWATI', 'D4 Jaringan Telekomunikasi Digital', 2021, '2141160024', 'belum'),
(887, 'BAFIAN ATHA FIDDIN', 'D4 Jaringan Telekomunikasi Digital', 2021, '2141160105', 'belum'),
(886, 'ANGGA KURNIAWAN', 'D4 Jaringan Telekomunikasi Digital', 2021, '2141160038', 'belum'),
(885, 'ANDRY SEPTIAN MARANTIKA', 'D4 Jaringan Telekomunikasi Digital', 2021, '2141160102', 'belum'),
(884, 'AMBAR BUDIARTI', 'D4 Jaringan Telekomunikasi Digital', 2021, '2141160025', 'belum'),
(883, 'ALFIRIYA DWI AYUNI', 'D4 Jaringan Telekomunikasi Digital', 2021, '2141160012', 'belum'),
(882, 'AHMAD GHOZALI', 'D4 Jaringan Telekomunikasi Digital', 2021, '2141160020', 'belum'),
(881, 'ACHMAD WAHYU NUR ROSYID', 'D4 Jaringan Telekomunikasi Digital', 2021, '2141160109', 'belum'),
(880, 'ZAHROTUL CAMELIA', 'D3 Teknik Telekomunikasi', 2021, '2131130051', 'belum'),
(879, 'WAHYU PRIPANGESTU WIDODO', 'D3 Teknik Telekomunikasi', 2021, '2131130013', 'belum'),
(878, 'TABLIGHATU RISALATILLAH', 'D3 Teknik Telekomunikasi', 2021, '2131130071', 'belum'),
(877, 'SALMA ILA ROBBIKA', 'D3 Teknik Telekomunikasi', 2021, '2131130001', 'belum'),
(876, 'RENDY NOVIANTO', 'D3 Teknik Telekomunikasi', 2021, '2131130076', 'belum'),
(874, 'NUR IKHSAN MUGIANTOKO', 'D3 Teknik Telekomunikasi', 2021, '2131130074', 'belum'),
(875, 'NURFAISAL HANAFI', 'D3 Teknik Telekomunikasi', 2021, '2131130025', 'belum'),
(873, 'NAFIDA YULI ANDINI', 'D3 Teknik Telekomunikasi', 2021, '2131130006', 'belum'),
(872, 'MUHAMMAD FAIZ FATHONI', 'D3 Teknik Telekomunikasi', 2021, '2131130004', 'belum'),
(871, 'M. NUR RIZZA ADRIANSYAH', 'D3 Teknik Telekomunikasi', 2021, '2131130017', 'belum'),
(870, 'IQBAL RIZQY AMINUDDIN', 'D3 Teknik Telekomunikasi', 2021, '2131130015', 'belum'),
(869, 'IMRON PAMUKTI', 'D3 Teknik Telekomunikasi', 2021, '2131130075', 'sudah'),
(867, 'FERDIANTO HENGKY PRASTYAWAN', 'D3 Teknik Telekomunikasi', 2021, '2131130023', 'belum'),
(868, 'GITA SEPTIANA', 'D3 Teknik Telekomunikasi', 2021, '2131130003', 'belum'),
(865, 'DEVVINA ELISA SURYA', 'D3 Teknik Telekomunikasi', 2021, '2131130005', 'belum'),
(866, 'DIVANTI YUNIAR NILLASARI', 'D3 Teknik Telekomunikasi', 2021, '2131130073', 'belum'),
(864, 'AMIN RUSTIYANI', 'D3 Teknik Telekomunikasi', 2021, '2131130008', 'belum'),
(863, 'ZAINUL FERDIANSYAH', 'D4 Sistem Kelistrikan', 2021, '2141150019', 'belum'),
(862, 'VERONIKA AWI TUMU', 'D4 Sistem Kelistrikan', 2021, '2141150123', 'belum'),
(861, 'TEGAR RAGA SUKMA', 'D4 Sistem Kelistrikan', 2021, '2141150078', 'belum'),
(860, 'SYAIFULLOH UMAR', 'D4 Sistem Kelistrikan', 2021, '2141150083', 'belum'),
(859, 'SAIFUL ANDANI', 'D4 Sistem Kelistrikan', 2021, '2141150012', 'belum'),
(858, 'ROZAQ ABDULLAH SONTANI', 'D4 Sistem Kelistrikan', 2021, '2141150081', 'belum'),
(856, 'NANANG BUDI SETIAJI', 'D4 Sistem Kelistrikan', 2021, '2141150011', 'belum'),
(857, 'PUTRI FINDI', 'D4 Sistem Kelistrikan', 2021, '2141150021', 'belum'),
(855, 'NAFI\'UDIN', 'D4 Sistem Kelistrikan', 2021, '2141150013', 'belum'),
(853, 'MUHAMAD ALFITO RIZKI DEANOVA', 'D4 Sistem Kelistrikan', 2021, '2141150026', 'sudah'),
(854, 'MUHAMMAD ARIF', 'D4 Sistem Kelistrikan', 2021, '2141150006', 'belum'),
(852, 'MOHAMMAD ANAS RIFAI', 'D4 Sistem Kelistrikan', 2021, '2141150027', 'belum'),
(850, 'M. QOBID MAQBULA', 'D4 Sistem Kelistrikan', 2021, '2141150080', 'belum'),
(851, 'MASHURI', 'D4 Sistem Kelistrikan', 2021, '2141150020', 'sudah'),
(849, 'LAILA SHOFIYA AZMA', 'D4 Sistem Kelistrikan', 2021, '2141150075', 'belum'),
(847, 'KEENANT CAHYA ISMULLAH', 'D4 Sistem Kelistrikan', 2021, '2141150073', 'belum'),
(848, 'KHUSNUL ISLAMIA', 'D4 Sistem Kelistrikan', 2021, '2141150074', 'belum'),
(845, 'FRANS ALDIO', 'D4 Sistem Kelistrikan', 2021, '2141150072', 'belum'),
(846, 'JOKO PRIAMBODO', 'D4 Sistem Kelistrikan', 2021, '2141150079', 'belum'),
(843, 'ARYA PUTRA PRATAMA', 'D4 Sistem Kelistrikan', 2021, '2141150030', 'belum'),
(844, 'FIKI AGUS SETIAWAN', 'D4 Sistem Kelistrikan', 2021, '2141150076', 'belum'),
(841, 'ANANDA REUNING PUTRI', 'D4 Sistem Kelistrikan', 2021, '2141150082', 'belum'),
(842, 'ARIFAN FAHMI MUBAROK', 'D4 Sistem Kelistrikan', 2021, '2141150077', 'belum'),
(840, 'AGHFIRA RAMADANI RAHMA', 'D4 Sistem Kelistrikan', 2021, '2141150031', 'belum'),
(838, 'RAEL HANDY GALLANT', 'D3 Teknik Listrik', 2021, '2131120054', 'sudah'),
(839, 'RISMA SULISTYO WARDANI', 'D3 Teknik Listrik', 2021, '2131120022', 'belum'),
(836, 'NUR HIDAYATUR ROFIAH', 'D3 Teknik Listrik', 2021, '2131120011', 'belum'),
(837, 'PUTRI NOVIANI ROMADONA', 'D3 Teknik Listrik', 2021, '2131120051', 'belum'),
(835, 'NUR ASNA MALIKAH', 'D3 Teknik Listrik', 2021, '2131120003', 'belum'),
(834, 'MUCHAMMAD LUQMANUL KHAKIM', 'D3 Teknik Listrik', 2021, '2131120004', 'sudah'),
(832, 'MOCHAMMAD BACHRUDDIN', 'D3 Teknik Listrik', 2021, '2131120052', 'belum'),
(833, 'MOHAMMAD RIZQI FANANI', 'D3 Teknik Listrik', 2021, '2131120053', 'belum'),
(831, 'IBRAHIM', 'D3 Teknik Listrik', 2021, '2131120017', 'belum'),
(829, 'AUDRY OTNIEL FILEMON YUNUS', 'D3 Teknik Listrik', 2021, '2131120050', 'sudah'),
(830, 'DIMAS ERIYANTO', 'D3 Teknik Listrik', 2021, '2131120025', 'belum'),
(828, 'AM. RARA AJENG JULIETA', 'D3 Teknik Listrik', 2021, '2131120021', 'belum'),
(827, 'AHNAF IRSYAD', 'D3 Teknik Listrik', 2021, '2131120019', 'belum'),
(825, 'WIDI WARDANA', 'D4 Teknik Elektronika', 2021, '2141170137', 'belum'),
(826, 'YOYOK SUPRIONO', 'D4 Teknik Elektronika', 2021, '2141170045', 'belum'),
(824, 'SAYYIDHATUS AZ ZAHRA', 'D4 Teknik Elektronika', 2021, '2141170026', 'belum'),
(822, 'ROYHAN HABIBIE', 'D4 Teknik Elektronika', 2021, '2141170004', 'belum'),
(823, 'SAYID AHMAD ABDURROHAM', 'D4 Teknik Elektronika', 2021, '2141170037', 'belum'),
(821, 'RISYAD BACHTIAR ZAINURI', 'D4 Teknik Elektronika', 2021, '2141170136', 'belum'),
(820, 'RISQI MAULANA', 'D4 Teknik Elektronika', 2021, '2141170007', 'belum'),
(819, 'RIO EKO PRASETYO', 'D4 Teknik Elektronika', 2021, '2141170021', 'sudah'),
(817, 'MUHAMMAD TRIO MAULANA SAMSUDDIN', 'D4 Teknik Elektronika', 2021, '2141170138', 'belum'),
(818, 'PUTRA MOCHAMAD RAFI', 'D4 Teknik Elektronika', 2021, '2141170139', 'belum'),
(815, 'MUHAMMAD NAUFAL HADY WIBISONO', 'D4 Teknik Elektronika', 2021, '2141170031', 'belum'),
(816, 'MUHAMMAD SIHABUDIN AL-FAHMI', 'D4 Teknik Elektronika', 2021, '2141170141', 'belum'),
(813, 'FIKA MARIANA', 'D4 Teknik Elektronika', 2021, '2141170022', 'belum'),
(814, 'MAHMUD ALI', 'D4 Teknik Elektronika', 2021, '2141170017', 'belum'),
(812, 'FIGUR BUDI IRAWAN', 'D4 Teknik Elektronika', 2021, '2141170131', 'belum'),
(811, 'FABIAN RAHMAN MAULANA', 'D4 Teknik Elektronika', 2021, '2141170043', 'belum'),
(810, 'BAGUS AIDIL FITRIAWAN', 'D4 Teknik Elektronika', 2021, '2141170025', 'belum'),
(809, 'ARYDHO FAIZAL HERMANSYAH', 'D4 Teknik Elektronika', 2021, '2141170143', 'belum'),
(807, 'ALYSSA SILVANIA YUDIA', 'D4 Teknik Elektronika', 2021, '2141170035', 'belum'),
(808, 'AMAR MAKRUF JAKFAR QOLIQ', 'D4 Teknik Elektronika', 2021, '2141170134', 'belum'),
(806, 'ALIM MURSID', 'D4 Teknik Elektronika', 2021, '2141170011', 'belum'),
(804, 'ALFIN MAULANA ABDILLAH', 'D4 Teknik Elektronika', 2021, '2141170010', 'belum'),
(805, 'ALFINO SEPTIAN DWI CAHYO', 'D4 Teknik Elektronika', 2021, '2141170019', 'belum'),
(802, 'ALFATH YUSUF BIYONO', 'D4 Teknik Elektronika', 2021, '2141170132', 'belum'),
(803, 'ALFIAN RAID JIDDAN AL FATH', 'D4 Teknik Elektronika', 2021, '2141170135', 'belum'),
(801, 'AHLAL WAFA', 'D4 Teknik Elektronika', 2021, '2141170036', 'belum'),
(799, 'ADI DWI LAKSONO', 'D4 Teknik Elektronika', 2021, '2141170027', 'belum'),
(800, 'ADY NUSANTARA', 'D4 Teknik Elektronika', 2021, '2141170140', 'belum'),
(798, 'ACHMAD HABIL BAHSYAH', 'D4 Teknik Elektronika', 2021, '2141170142', 'belum'),
(797, 'YUSUF HAVIV SYIRAD', 'D3 Teknik Elektronika', 2021, '2131110055', 'belum'),
(796, 'NEKI APRILIANA', 'D3 Teknik Elektronika', 2021, '2131110018', 'belum'),
(794, 'MOCH. ADIB GUFRONI', 'D3 Teknik Elektronika', 2021, '2131110015', 'belum'),
(795, 'MOH. BINTANG SAPUTRA', 'D3 Teknik Elektronika', 2021, '2131110054', 'sudah'),
(793, 'MAHESWARA BOBY SUKATON', 'D3 Teknik Elektronika', 2021, '2131110012', 'belum'),
(791, 'IVAN KURNIAWAN', 'D3 Teknik Elektronika', 2021, '2131110019', 'belum'),
(792, 'JAZIRATUL HOSNAH', 'D3 Teknik Elektronika', 2021, '2131110004', 'belum'),
(790, 'INKA SETIAWATI', 'D3 Teknik Elektronika', 2021, '2131110010', 'belum'),
(789, 'HILDA NUR AINI', 'D3 Teknik Elektronika', 2021, '2131110016', 'belum'),
(788, 'HANIFAH', 'D3 Teknik Elektronika', 2021, '2131110006', 'belum'),
(787, 'FEBRI AYU WARDINI', 'D3 Teknik Elektronika', 2021, '2131110017', 'belum'),
(786, 'ERLAMBANG DEWANGGA KUSUMA', 'D3 Teknik Elektronika', 2021, '2131110007', 'belum'),
(785, 'ANIS NUR ROHMAWATI', 'D3 Teknik Elektronika', 2021, '2131110056', 'belum'),
(784, 'ALBELLAH PRISTA MARICA PURWANTI', 'D3 Teknik Elektronika', 2021, '2131110059', 'belum'),
(783, 'AHLAL WAFA', 'D-IV TEKNIK ELEKTRONIKA', 2020, '0', 'belum'),
(782, 'BAYU MAHENDRA', 'D-III T. Sipil', 2020, '0', 'belum'),
(781, 'SAPRI ENGGA APRIELLIA', 'D-IV Teknologi Rekayasa Konstruksi Jalan Dan Jembatan', 2020, '2041350025', 'sudah'),
(780, 'FAIZ PRATAMA HABIBI', 'D-IV Teknologi Rekayasa Konstruksi Jalan Dan Jembatan', 2020, '2041350028', 'belum'),
(779, 'ADHIN LUTFIHAKI', 'D-IV Teknologi Rekayasa Konstruksi Jalan Dan Jembatan', 2020, '2041350001', 'sudah'),
(778, 'FARHAN RIZKY HELMY', 'D-IV Teknologi Rekayasa Konstruksi Jalan Dan Jembatan', 2020, '2041350004', 'sudah'),
(777, 'WILDAN APRILIA PERDANA', 'D-IV Teknologi Rekayasa Konstruksi Jalan Dan Jembatan', 2020, '2041350003', 'sudah'),
(776, 'SHABILA NULA SALWA', 'D-IV Teknologi Rekayasa Konstruksi Jalan Dan Jembatan', 2020, '2041350009', 'belum'),
(775, 'AZIZAH LADINI', 'D-IV Teknologi Kimia Industri', 2020, '2041420069', 'sudah'),
(774, 'NISAUZ ZAKIYATUL ULYA', 'D-IV Teknologi Kimia Industri', 2020, '2041420046', 'belum'),
(773, 'IEMAS SEKARING SAGGY WAHDANY', 'D-IV Teknologi Kimia Industri', 2020, '2041420037', 'belum'),
(772, 'AFIF SYAIFUDDIN', 'D-IV Teknologi Kimia Industri', 2020, '2041420047', 'belum'),
(771, 'ARIMBI WILUJENG', 'D-IV Teknologi Kimia Industri', 2020, '2041420028', 'belum'),
(770, 'PASKA MARYANTI SINAGA', 'D-IV Teknologi Kimia Industri', 2020, '2041420042', 'sudah'),
(769, 'YULIA SANTI', 'D-IV Teknologi Kimia Industri', 2020, '2041420027', 'belum'),
(768, 'NASIKHATUS SA\'ADAH', 'D-IV Teknologi Kimia Industri', 2020, '2041420019', 'belum'),
(767, 'FITRIATUR ROHMAWATI', 'D-IV Teknologi Kimia Industri', 2020, '2041420008', 'belum'),
(766, 'WAQIDA APRILLIA SRI WAHYUNINGSIH', 'D-IV Teknologi Kimia Industri', 2020, '2041420009', 'belum'),
(765, 'MOCH. ANAM KAPIT', 'D-IV T. Otomotif Elektronik', 2020, '2041220096', 'belum'),
(764, 'ANGELUS PATI NDOPO', 'D-IV T. Otomotif Elektronik', 2020, '2041220039', 'belum'),
(763, 'RIDHO ILHAM', 'D-IV T. Otomotif Elektronik', 2020, '2041220064', 'belum'),
(762, 'DODY RIZKI', 'D-IV T. Otomotif Elektronik', 2020, '2041220044', 'belum'),
(761, 'KURNIAWAN', 'D-IV T. Otomotif Elektronik', 2020, '2041220040', 'belum'),
(760, 'AKHMAD NAFII', 'D-IV T. Otomotif Elektronik', 2020, '2041220030', 'belum'),
(759, 'MODI SASTRO MARPAUNG', 'D-IV T. Otomotif Elektronik', 2020, '2041220025', 'belum'),
(758, 'AKHLIS NUR FIRMAN ARDIANSYAH SANTOSO', 'D-IV T. Otomotif Elektronik', 2020, '2041220020', 'sudah'),
(757, 'MUHAMMAD NGATIQ RUSTON', 'D-IV T. Otomotif Elektronik', 2020, '2041220005', 'belum'),
(756, 'HASAN ABDILLAH', 'D-IV T. Otomotif Elektronik', 2020, '2041220017', 'belum'),
(755, 'ROBBY RIDWAN', 'D-IV T. Otomotif Elektronik', 2020, '2041220014', 'belum'),
(754, 'IMAM MUHADI', 'D-IV T. Otomotif Elektronik', 2020, '2041220022', 'belum'),
(753, 'MOHAMMAD RIZKY AL-MUKHAROM', 'D-IV T. Otomotif Elektronik', 2020, '2041220018', 'belum'),
(752, 'MUCHAMMAD NUR FERDIAN AKBAR', 'D-IV T. Mesin Produksi Dan Perawatan', 2020, '2041230047', 'belum'),
(751, 'KHOIRUL MINAN FAJRIANSYAH', 'D-IV T. Mesin Produksi Dan Perawatan', 2020, '2041230078', 'belum'),
(750, 'SOFYAN DWI TRISNA PUTRA', 'D-IV T. Mesin Produksi Dan Perawatan', 2020, '2041230057', 'belum'),
(749, 'M. ZAKKI MUBAROK', 'D-IV T. Mesin Produksi Dan Perawatan', 2020, '2041230069', 'sudah'),
(747, 'AKHMAD ZAINURIL', 'D-IV T. Mesin Produksi Dan Perawatan', 2020, '2041230041', 'sudah'),
(748, 'MUHAMMAD THOIFUR', 'D-IV T. Mesin Produksi Dan Perawatan', 2020, '2041230064', 'belum'),
(746, 'AGUS KHOLISTIYANTO', 'D-IV T. Mesin Produksi Dan Perawatan', 2020, '2041230042', 'belum'),
(745, 'IMRO ATUL FITRIYAH', 'D-IV T. Mesin Produksi Dan Perawatan', 2020, '2041230036', 'belum'),
(744, 'MOH. HUSNUL AMALI', 'D-IV T. Mesin Produksi Dan Perawatan', 2020, '2041230029', 'belum'),
(743, 'DJOEHANA AYU RACHEL', 'D-IV T. Mesin Produksi Dan Perawatan', 2020, '2041230025', 'belum'),
(742, 'NUR ROHMAN WICAKSONO', 'D-IV T. Mesin Produksi Dan Perawatan', 2020, '2041230035', 'belum'),
(741, 'JUNAIDI', 'D-IV T. Mesin Produksi Dan Perawatan', 2020, '2041230001', 'sudah'),
(740, 'MUHAMMAD ROZIQIN', 'D-IV T. Mesin Produksi Dan Perawatan', 2020, '2041230023', 'sudah'),
(739, 'ANIQ FAQKRUDIN', 'D-IV T. Mesin Produksi Dan Perawatan', 2020, '2041230006', 'belum'),
(738, 'MUHAMMAD ALI REZA', 'D-IV T. Informatika', 2020, '2041720182', 'belum'),
(737, 'SITI KHAIYUN MA\'RIFATUL SHOLIKHAH', 'D-IV T. Informatika', 2020, '2041720137', 'belum'),
(736, 'AS\'AD MUHAIMIN ISKANDAR', 'D-IV T. Informatika', 2020, '2041720147', 'belum'),
(735, 'DEWI LAYLATURROHMAH', 'D-IV T. Informatika', 2020, '2041720163', 'belum'),
(734, 'AFVANIE RAMA ARDYANSAH', 'D-IV T. Informatika', 2020, '2041720127', 'belum'),
(733, 'ALBERT RYAHDO GIRSANG', 'D-IV T. Informatika', 2020, '2041720149', 'belum'),
(732, 'SENDY JOAN KEVIN', 'D-IV T. Informatika', 2020, '2041720121', 'belum'),
(731, 'VENNY MEIDA HERSIANTY', 'D-IV T. Informatika', 2020, '2041720100', 'belum'),
(730, 'YUSRIL IHZA MAHENDRA PUTRA RAMADHAN', 'D-IV T. Informatika', 2020, '2041720151', 'belum'),
(729, 'NAFARUL HAMKAH', 'D-IV T. Informatika', 2020, '2041720101', 'belum'),
(728, 'R. MUHAMMAD AZMI HERDI SHOFIYULLAH', 'D-IV T. Informatika', 2020, '2041720079', 'belum'),
(727, 'JUD AMAL MUKHTAR', 'D-IV T. Informatika', 2020, '2041720168', 'belum'),
(726, 'NADHIFAH LUTFIYAH MAHMUDAH', 'D-IV T. Informatika', 2020, '2041720082', 'belum'),
(725, 'MOCHAMAD ADITYA BAGUS', 'D-IV T. Informatika', 2020, '2041720093', 'belum'),
(724, 'NISRINA HASYIMIYYAH', 'D-IV T. Informatika', 2020, '2041720109', 'belum'),
(723, 'MOH. NANANG RONI', 'D-IV T. Informatika', 2020, '2041720148', 'belum'),
(722, 'DILTA FEBIANA', 'D-IV T. Informatika', 2020, '2041720136', 'belum'),
(721, 'AMELIA MARSHANDA SYAHPUTRI', 'D-IV T. Informatika', 2020, '2041720041', 'belum'),
(720, 'CINTYA APRILA FANDINI', 'D-IV T. Informatika', 2020, '2041720049', 'belum'),
(719, 'YALDIKA PUTRA SINAGA', 'D-IV T. Informatika', 2020, '2041720056', 'belum'),
(718, 'DINA RIFA ROSYIDA', 'D-IV T. Informatika', 2020, '2041720055', 'belum'),
(717, 'PRIMO AFGA PARLEVI', 'D-IV T. Informatika', 2020, '2041720021', 'belum'),
(716, 'ATMAYANTI', 'D-IV T. Informatika', 2020, '2041720016', 'belum'),
(715, 'DELLA JANNATA FEBIANA', 'D-IV T. Informatika', 2020, '2041720034', 'belum'),
(714, 'IRMA MAULIDIA', 'D-IV T. Informatika', 2020, '2041720035', 'belum'),
(713, 'MUH. IRFAN ALI', 'D-IV T. Informatika', 2020, '2041720067', 'belum'),
(712, 'KRISMAWATI', 'D-IV T. Informatika', 2020, '2041720019', 'belum'),
(711, 'MUCHAMAD RIZAL GUSNANDA ATMAJA', 'D-IV T. Informatika', 2020, '2041720015', 'belum'),
(709, 'ALIFIYUL AKYUN', 'D-IV T. Informatika', 2020, '2041720036', 'belum'),
(710, 'IFTITAH HIDAYATI', 'D-IV T. Informatika', 2020, '2041720006', 'belum'),
(708, 'YULIA EKA ARDHANI', 'D-IV T. Informatika', 2020, '2041720064', 'belum'),
(707, 'PUTRI MAULIDA SITO RESMI', 'D-IV T. Informatika', 2020, '2041720012', 'belum'),
(706, 'FAI NUR JANAH', 'D-IV T. Informatika', 2020, '2041720017', 'belum'),
(703, 'SITI ZUMAROH DIAN FEBRIANTI', 'D-IV T. Informatika', 2020, '2041720058', 'belum'),
(704, 'ROSI LATANSA SALSABELA', 'D-IV T. Informatika', 2020, '2041720026', 'belum'),
(705, 'FADIA ABABIL LUNA', 'D-IV T. Informatika', 2020, '2041720008', 'belum'),
(702, 'IFA INDRIAN NINGSIH', 'D-IV T. Informatika', 2020, '2041720007', 'belum'),
(700, 'ABU YAZID ALBASTOMI', 'D-IV T. Elektronika', 2020, '2041170054', 'belum'),
(701, 'LARASATI AMBARARUM PRATITA', 'D-IV T. Elektronika', 2020, '2041170105', 'belum'),
(699, 'ARIK MAHESA WIRADANA', 'D-IV T. Elektronika', 2020, '2041170080', 'belum'),
(697, 'LAILA ADISTYA', 'D-IV T. Elektronika', 2020, '2041170061', 'belum'),
(698, 'DODIK SYAIFUL MA\'ARIF', 'D-IV T. Elektronika', 2020, '2041170051', 'belum'),
(695, 'MUHAMMAD IRVAN MAULANA', 'D-IV T. Elektronika', 2020, '2041170081', 'belum'),
(696, 'IDA LAILATUL FITRIA', 'D-IV T. Elektronika', 2020, '2041170052', 'belum'),
(694, 'SAVIRA LAILA KARIMAH', 'D-IV T. Elektronika', 2020, '2041170087', 'belum'),
(692, 'ADHITYA SURYO RIFMAWANTO', 'D-IV T. Elektronika', 2020, '2041170063', 'belum'),
(693, 'YULISTIN AMALIA PUTRI', 'D-IV T. Elektronika', 2020, '2041170062', 'sudah'),
(691, 'ALIFA AGHITSTINA', 'D-IV T. Elektronika', 2020, '2041170059', 'belum'),
(690, 'APRIL DHARMA PUTRI', 'D-IV T. Elektronika', 2020, '2041170035', 'belum'),
(688, 'SATRIA MIZA NUR PRADIPTA', 'D-IV T. Elektronika', 2020, '2041170031', 'belum'),
(689, 'AHMAD HAMZAH', 'D-IV T. Elektronika', 2020, '2041170024', 'belum'),
(686, 'TIARA AYUNI EKA SANTI', 'D-IV T. Elektronika', 2020, '2041170045', 'belum'),
(687, 'MUHAMMAD IBNU SHOLEH', 'D-IV T. Elektronika', 2020, '2041170011', 'belum'),
(685, 'TYAS WANDA HAMIDAH', 'D-IV T. Elektronika', 2020, '2041170041', 'belum'),
(684, 'DENDIS MELANGGA PANDU SAPUTRA', 'D-IV Sistem Kelistrikan', 2020, '2041150096', 'belum'),
(682, 'DIKKI WAHYU SATRIA', 'D-IV Sistem Kelistrikan', 2020, '2041150052', 'belum'),
(683, 'MUHAMMAD MASRUR ADAM', 'D-IV Sistem Kelistrikan', 2020, '2041150053', 'belum'),
(681, 'FERI SETIAWAN', 'D-IV Sistem Kelistrikan', 2020, '2041150082', 'sudah'),
(680, 'DENOVIANTARI RAMADHANI PRADWITA', 'D-IV Sistem Kelistrikan', 2020, '2041150063', 'belum'),
(679, 'MUHAMMAD KHOIRUL ANAM', 'D-IV Sistem Kelistrikan', 2020, '2041150064', 'belum'),
(677, 'WARIS MALIK FAHAD', 'D-IV Sistem Kelistrikan', 2020, '2041150069', 'belum'),
(678, 'NATASYA NUR SYALSYABILA', 'D-IV Sistem Kelistrikan', 2020, '2041150056', 'belum'),
(676, 'TAUFIKHUR ROHMAN', 'D-IV Sistem Kelistrikan', 2020, '2041150085', 'belum'),
(674, 'RIZKY ANJANI', 'D-IV Sistem Kelistrikan', 2020, '2041150040', 'belum'),
(675, 'GERI WIDIANTO', 'D-IV Sistem Kelistrikan', 2020, '2041150013', 'sudah'),
(673, 'WITA ASTUTI', 'D-IV Sistem Kelistrikan', 2020, '2041150014', 'sudah'),
(671, 'AHMAD NAUVAL APRILLIAN', 'D-IV Sistem Kelistrikan', 2020, '2041150009', 'belum'),
(672, 'ATIKA', 'D-IV Sistem Kelistrikan', 2020, '2041150005', 'belum'),
(669, 'ZAENAL MUSTOFA', 'D-IV Sistem Kelistrikan', 2020, '2041150022', 'belum'),
(670, 'MUKHAMAD TAUFIQ', 'D-IV Sistem Kelistrikan', 2020, '2041150033', 'belum'),
(668, 'MOCH FAHMI MAKARIM', 'D-IV Sistem Kelistrikan', 2020, '2041150041', 'belum'),
(666, 'ANDAL FAJAR', 'D-IV Sistem Kelistrikan', 2020, '2041150027', 'belum'),
(667, 'RICO DWI NOVA RAMADHAN', 'D-IV Sistem Kelistrikan', 2020, '2041150004', 'belum'),
(665, 'USWATUN HASANAH', 'D-IV Manajemen Rekayasa Konstruksi', 2020, '2041320067', 'belum'),
(664, 'ACHMAD NUR CHAFIDL', 'D-IV Manajemen Rekayasa Konstruksi', 2020, '2041320049', 'belum'),
(663, 'MUHAMMAD FARIED AKMAL ALAUDIEN YAHYA', 'D-IV Manajemen Rekayasa Konstruksi', 2020, '2041320064', 'belum'),
(662, 'NURI FIRDAUSIAH', 'D-IV Manajemen Rekayasa Konstruksi', 2020, '2041320055', 'belum'),
(660, 'ALFIAN WARDHANA JAROT CANTIKA PUTRA', 'D-IV Manajemen Rekayasa Konstruksi', 2020, '2041320004', 'sudah'),
(661, 'NICKY RANA AFIFAH', 'D-IV Manajemen Rekayasa Konstruksi', 2020, '2041320079', 'sudah'),
(659, 'UMI HANIK', 'D-IV Manajemen Rekayasa Konstruksi', 2020, '2041320020', 'belum'),
(658, 'MAULIDIYA MEISYA PUTRI', 'D-IV Manajemen Rekayasa Konstruksi', 2020, '2041320021', 'sudah'),
(657, 'SOFIYAH', 'D-IV Manajemen Rekayasa Konstruksi', 2020, '2041320009', 'sudah'),
(656, 'LUSI RAHMASARI', 'D-IV Manajemen Rekayasa Konstruksi', 2020, '2041320008', 'sudah'),
(655, 'ALDA DWI CECILIA', 'D-IV Manajemen Rekayasa Konstruksi', 2020, '2041320017', 'belum'),
(654, 'DIAN WIWINDARI', 'D-IV Manajemen Rekayasa Konstruksi', 2020, '2041320025', 'belum'),
(653, 'FAIRUZ NAUFALIZA SALSABILA', 'D-IV Manajemen Pemasaran', 2020, '2042620140', 'belum'),
(651, 'DIVIA ZHAKIYATUL FARIKHA', 'D-IV Manajemen Pemasaran', 2020, '2042620155', 'belum'),
(652, 'NAJWA NAFIZ DAMAYANTI', 'D-IV Manajemen Pemasaran', 2020, '2042620147', 'belum'),
(650, 'ROMMEL HIZKIA EZEKIEL SIMANUNGKALIT', 'D-IV Manajemen Pemasaran', 2020, '2042620105', 'belum'),
(648, 'ACHMAD ULUL AZMI', 'D-IV Manajemen Pemasaran', 2020, '2042620127', 'belum'),
(649, 'NUR AZIZAH', 'D-IV Manajemen Pemasaran', 2020, '2042620125', 'belum'),
(647, 'HUMAIRA FATHMA GARDILLA', 'D-IV Manajemen Pemasaran', 2020, '2042620112', 'belum'),
(645, 'JOY GABRIEL ELAINE SAMBO', 'D-IV Manajemen Pemasaran', 2020, '2042620078', 'belum'),
(646, 'FITRI WULANDRI', 'D-IV Manajemen Pemasaran', 2020, '2042620061', 'belum'),
(644, 'MOH. RIFQI RIYANSYAH', 'D-IV Manajemen Pemasaran', 2020, '2042620096', 'belum'),
(643, 'AYUN KURNIA SARI', 'D-IV Manajemen Pemasaran', 2020, '2042620060', 'belum'),
(642, 'ICHANDIKA DEWI CAHYANI', 'D-IV Manajemen Pemasaran', 2020, '2042620086', 'belum'),
(641, 'CICI DEWI SEKARTAJI', 'D-IV Manajemen Pemasaran', 2020, '2042620123', 'belum'),
(640, 'MUHAMAD VISABILLILAH WILANTARA', 'D-IV Manajemen Pemasaran', 2020, '2042620087', 'belum'),
(639, 'FITRIYAH', 'D-IV Manajemen Pemasaran', 2020, '2042620104', 'belum'),
(638, 'FAIQOTUL HASANAH', 'D-IV Manajemen Pemasaran', 2020, '2042620100', 'belum'),
(637, 'SHOLEH AFNAN USMAN AL AMUDY', 'D-IV Manajemen Pemasaran', 2020, '2042620032', 'belum'),
(636, 'LAILA NAILATUL YUSRO', 'D-IV Manajemen Pemasaran', 2020, '2042620055', 'belum'),
(635, 'NATASHA ADELIA AMANDA', 'D-IV Manajemen Pemasaran', 2020, '2042620022', 'belum'),
(634, 'ENDYARTA ABDUL AZIIZ AL FATAH', 'D-IV Manajemen Pemasaran', 2020, '2042620031', 'belum'),
(633, 'WARDATUL HASANAH', 'D-IV Manajemen Pemasaran', 2020, '2042620021', 'belum'),
(631, 'ALFIYATUL HIDAYAH', 'D-IV Manajemen Pemasaran', 2020, '2042620036', 'belum'),
(632, 'SALSABILA LAYYINATUSSIFAH', 'D-IV Manajemen Pemasaran', 2020, '2042620009', 'belum'),
(629, 'NOVIA DIAH ISMAWATI', 'D-IV Manajemen Pemasaran', 2020, '2042620019', 'belum'),
(630, 'VIKA ANJELINA AGATA', 'D-IV Manajemen Pemasaran', 2020, '2042620043', 'belum'),
(628, 'POPI PUTRI PRATAMA', 'D-IV Manajemen Pemasaran', 2020, '2042620033', 'belum'),
(627, 'SOVI TRI MARSELA', 'D-IV Manajemen Pemasaran', 2020, '2042620016', 'belum'),
(625, 'SEAN PRIANTONI', 'D-IV Manajemen Pemasaran', 2020, '2042620003', 'belum'),
(626, 'LIA UJUNG TRI UTAMI', 'D-IV Manajemen Pemasaran', 2020, '2042620018', 'belum'),
(624, 'VADHINI NAZRA RIZQIKA PUTRI', 'D-IV Keuangan', 2020, '2042530040', 'belum'),
(623, 'WAHYU MUTIARA FITRI', 'D-IV Keuangan', 2020, '2042530030', 'belum'),
(622, 'HAQI ABYAN', 'D-IV Keuangan', 2020, '2042530048', 'belum'),
(621, 'LIA FITRIANA', 'D-IV Keuangan', 2020, '2042530039', 'belum'),
(620, 'AYU ROSALINDA', 'D-IV Keuangan', 2020, '2042530018', 'belum'),
(619, 'IMROATUS SAFAAH', 'D-IV Keuangan', 2020, '2042530016', 'belum'),
(618, 'ALIFA AZ SALSABILA', 'D-IV Keuangan', 2020, '2042530007', 'belum'),
(617, 'VINDY ANANDA AMINAH', 'D-IV Keuangan', 2020, '2042530005', 'belum'),
(616, 'SISKA WAHYU UTAMI', 'D-IV Keuangan', 2020, '2042530006', 'belum'),
(615, 'QURROTUL AINIS SHOLEHAH', 'D-IV Jaringan Telekomunikasi Digital', 2020, '2041160163', 'belum'),
(614, 'ANDRIANING TIAS', 'D-IV Jaringan Telekomunikasi Digital', 2020, '2041160084', 'belum'),
(613, 'ERNA NURVITA', 'D-IV Jaringan Telekomunikasi Digital', 2020, '2041160058', 'belum'),
(612, 'DWI AYU DYAH SETYANINGRUM', 'D-IV Jaringan Telekomunikasi Digital', 2020, '2041160056', 'belum'),
(611, 'DINDA FAJAR PRATIWI', 'D-IV Jaringan Telekomunikasi Digital', 2020, '2041160060', 'belum'),
(610, 'SALSABILA ANDHIKA NURAINI', 'D-IV Jaringan Telekomunikasi Digital', 2020, '2041160052', 'sudah'),
(608, 'ANANTA WICAKSANA', 'D-IV Jaringan Telekomunikasi Digital', 2020, '2041160049', 'belum'),
(609, 'ALFIAN MALIK KUSWARA', 'D-IV Jaringan Telekomunikasi Digital', 2020, '2041160069', 'belum'),
(607, 'FATONATUL MUBAROKAH', 'D-IV Jaringan Telekomunikasi Digital', 2020, '2041160073', 'sudah'),
(606, 'SALWA NADIRAH', 'D-IV Jaringan Telekomunikasi Digital', 2020, '2041160083', 'belum'),
(605, 'NASRUL DEVA PRATAMA', 'D-IV Jaringan Telekomunikasi Digital', 2020, '2041160059', 'belum'),
(604, 'MAULANA DESKI ANDY FITRIAWAN', 'D-IV Jaringan Telekomunikasi Digital', 2020, '2041160005', 'belum'),
(603, 'RIFAN TRI WAHYUDI', 'D-IV Jaringan Telekomunikasi Digital', 2020, '2041160025', 'belum'),
(602, 'ADITYA VERDIANDA YAQUB', 'D-IV Jaringan Telekomunikasi Digital', 2020, '2041160013', 'belum'),
(601, 'KUSUMA DEWI PUSPITASARI', 'D-IV Jaringan Telekomunikasi Digital', 2020, '2041160006', 'belum'),
(600, 'SUSI SUSANTI', 'D-IV Jaringan Telekomunikasi Digital', 2020, '2041160041', 'sudah'),
(599, 'HAFIDZ EKO PRASETYO', 'D-IV Jaringan Telekomunikasi Digital', 2020, '2041160007', 'belum'),
(598, 'SELFI PUTRI RAMADANA', 'D-IV Jaringan Telekomunikasi Digital', 2020, '2041160027', 'belum'),
(597, 'AMELIA ANGGRAINI', 'D-IV Jaringan Telekomunikasi Digital', 2020, '2041160021', 'belum'),
(595, 'AYU ANDIRA FITRIYANI', 'D-IV Jaringan Telekomunikasi Digital', 2020, '2041160037', 'belum'),
(596, 'DIVIA CAHAYA SALSA DIVA', 'D-IV Jaringan Telekomunikasi Digital', 2020, '2041160034', 'belum'),
(594, 'RAHAYU', 'D-IV Bahasa Inggris untuk Komunikasi Bisnis dan Profesional', 2020, '2042820038', 'belum'),
(593, 'ADE ERMA FITRIA', 'D-IV Bahasa Inggris untuk Komunikasi Bisnis dan Profesional', 2020, '2042820034', 'belum'),
(592, 'BRILLIANT ADAM', 'D-IV Bahasa Inggris untuk Komunikasi Bisnis dan Profesional', 2020, '2042820029', 'belum'),
(591, 'INTAN MEI PURWANTI', 'D-IV Bahasa Inggris untuk Komunikasi Bisnis dan Profesional', 2020, '2042820058', 'belum'),
(590, 'TEGAR PANDIRIAN', 'D-IV Bahasa Inggris untuk Komunikasi Bisnis dan Profesional', 2020, '2042820032', 'sudah'),
(589, 'ALFIAN DEDI SAPUTRA', 'D-IV Bahasa Inggris untuk Komunikasi Bisnis dan Profesional', 2020, '2042820060', 'belum'),
(588, 'WITA DESANTI PUTRI MARTA', 'D-IV Bahasa Inggris untuk Komunikasi Bisnis dan Profesional', 2020, '2042820055', 'belum'),
(587, 'TSABITAH HAQIQI', 'D-IV Bahasa Inggris untuk Komunikasi Bisnis dan Profesional', 2020, '2042820052', 'belum'),
(586, 'SAYYIDATINAH SALAMAH', 'D-IV Bahasa Inggris untuk Komunikasi Bisnis dan Profesional', 2020, '2042820015', 'belum'),
(585, 'MAULIDA RIZKY LAILI', 'D-IV Bahasa Inggris untuk Komunikasi Bisnis dan Profesional', 2020, '2042820014', 'belum'),
(584, 'ORMANDA ARYADEWA', 'D-IV Akuntansi Manajemen', 2020, '2042520165', 'belum'),
(583, 'AZZAHRA FITRI ISLAMIAH', 'D-IV Akuntansi Manajemen', 2020, '2042520177', 'belum'),
(581, 'LATHFI ZANA BRILIAN ELFITRIANI', 'D-IV Akuntansi Manajemen', 2020, '2042520087', 'belum'),
(582, 'WIDYA SETIANINGRUM', 'D-IV Akuntansi Manajemen', 2020, '2042520253', 'belum'),
(579, 'VITRA CHINDIQIA', 'D-IV Akuntansi Manajemen', 2020, '2042520069', 'belum'),
(580, 'IZZA AFKARINA', 'D-IV Akuntansi Manajemen', 2020, '2042520094', 'belum'),
(578, 'OLIVIA WINDI MAHARANI', 'D-IV Akuntansi Manajemen', 2020, '2042520118', 'belum'),
(576, 'RIYANI PUJI LESTARI', 'D-IV Akuntansi Manajemen', 2020, '2042520150', 'belum'),
(577, 'AZIZAH NURROHMAH', 'D-IV Akuntansi Manajemen', 2020, '2042520073', 'belum'),
(574, 'SANIA DIANA PUTRI', 'D-IV Akuntansi Manajemen', 2020, '2042520119', 'belum'),
(575, 'WAHYU FITRIANA LESTARI', 'D-IV Akuntansi Manajemen', 2020, '2042520067', 'belum'),
(573, 'ALBET TRI KHOIRUNISAK', 'D-IV Akuntansi Manajemen', 2020, '2042520154', 'belum'),
(572, 'FAHIMATUL ULYA', 'D-IV Akuntansi Manajemen', 2020, '2042520092', 'belum'),
(571, 'AWANDA RACHMA DHEA ATYANINGSIH', 'D-IV Akuntansi Manajemen', 2020, '2042520151', 'sudah'),
(570, 'RUSMANALIA NOVITA SARI', 'D-IV Akuntansi Manajemen', 2020, '2042520125', 'belum'),
(569, 'WIDYA RAHMAWATI', 'D-IV Akuntansi Manajemen', 2020, '2042520078', 'belum'),
(568, 'ALIYAH AMBARWATI TSANIYA', 'D-IV Akuntansi Manajemen', 2020, '2042520140', 'belum'),
(567, 'YOHANES HENDRA HERMAWAN', 'D-IV Akuntansi Manajemen', 2020, '2042520005', 'belum'),
(566, 'DEWI NAWANG WULAN PUTRI KUSUMANINGATI', 'D-IV Akuntansi Manajemen', 2020, '2042520064', 'belum'),
(565, 'LENNY MARLINA', 'D-IV Akuntansi Manajemen', 2020, '2042520043', 'belum'),
(564, 'HENDRIKO ERGA PRASETYA', 'D-IV Akuntansi Manajemen', 2020, '2042520009', 'belum'),
(563, 'INE ELFIA RAHMA', 'D-IV Akuntansi Manajemen', 2020, '2042520047', 'belum'),
(562, 'SHAFA TASYA TAZKIYAH', 'D-IV Akuntansi Manajemen', 2020, '2042520049', 'sudah'),
(560, 'DWI REZA MAULANA', 'D-IV Akuntansi Manajemen', 2020, '2042520040', 'belum'),
(561, 'BINTI FAIDATUTHTHOYYIBAH', 'D-IV Akuntansi Manajemen', 2020, '2042520023', 'belum'),
(558, 'RISNA SEPTYA WULANDEWI', 'D-IV Akuntansi Manajemen', 2020, '2042520031', 'belum'),
(559, 'INDAKA NAJWA', 'D-IV Akuntansi Manajemen', 2020, '2042520007', 'belum'),
(557, 'MANIS WILUJENG', 'D-IV Akuntansi Manajemen', 2020, '2042520063', 'belum'),
(555, 'SHELA ANJANI', 'D-IV Akuntansi Manajemen', 2020, '2042520055', 'belum'),
(556, 'APRILINDA WINI AULIA', 'D-IV Akuntansi Manajemen', 2020, '2042520012', 'belum'),
(554, 'SITI ANANDA KHOFIFAH', 'D-IV Akuntansi Manajemen', 2020, '2042520015', 'belum'),
(552, 'OKTAVIKA AYUNINGTYAS', 'D-IV Akuntansi Manajemen', 2020, '2042520001', 'belum'),
(553, 'APRILIA DELLA PUSPITA', 'D-IV Akuntansi Manajemen', 2020, '2042520006', 'belum'),
(551, 'SILVIA SAPUTRI', 'D-IV Akuntansi Manajemen', 2020, '2042520061', 'sudah'),
(550, 'DEWI PURWO HIDAYAH', 'D-IV Akuntansi Manajemen', 2020, '2042520053', 'sudah'),
(549, 'ALFINA DEWI MASRUROH', 'D-IV Akuntansi Manajemen', 2020, '2042520054', 'belum'),
(548, 'DAREI MOCHAMAD ABIDIN', 'D-III Teknologi Konstruksi Jalan, Jembatan, dan Bangunan Air', 2020, '2031330025', 'belum'),
(547, 'ARI BAYU ARINGGA', 'D-III Teknologi Konstruksi Jalan, Jembatan, dan Bangunan Air', 2020, '2031330015', 'sudah'),
(546, 'SYAQIULA AL ANABA', 'D-III Teknologi Konstruksi Jalan, Jembatan, dan Bangunan Air', 2020, '2031330020', 'belum'),
(545, 'CINDY FEBRIAWATI', 'D-III Teknologi Konstruksi Jalan, Jembatan, dan Bangunan Air', 2020, '2031330005', 'belum'),
(542, 'AMILATUZ ZAQIA', 'D-III T. Telekomunikasi', 2020, '2031130041', 'belum'),
(543, 'PUTFUI ARI DEWI', 'D-III T. Telekomunikasi', 2020, '2031130074', 'belum'),
(544, 'DIMAS YANUAR FADILAH', 'D-III T. Telekomunikasi', 2020, '2031130086', 'belum'),
(541, 'KHURNIA FIDDIANA ROHMAH', 'D-III T. Telekomunikasi', 2020, '2031130062', 'belum'),
(539, 'TEGAR BIMANTARA', 'D-III T. Telekomunikasi', 2020, '2031130060', 'belum'),
(540, 'ARDIA APRIRILA', 'D-III T. Telekomunikasi', 2020, '2031130049', 'belum'),
(538, 'JEANI UMI SUKMANING', 'D-III T. Telekomunikasi', 2020, '2031130058', 'belum'),
(537, 'DISTA DWI CAHYANI', 'D-III T. Telekomunikasi', 2020, '2031130042', 'sudah'),
(535, 'CINDI INDRIANI', 'D-III T. Telekomunikasi', 2020, '2031130046', 'belum'),
(536, 'NIKEN RORO AYU', 'D-III T. Telekomunikasi', 2020, '2031130044', 'belum'),
(534, 'DEVA SANDOVA HERAWATI', 'D-III T. Telekomunikasi', 2020, '2031130040', 'belum'),
(532, 'DWI AYUNING TIYAS', 'D-III T. Telekomunikasi', 2020, '2031130073', 'belum'),
(533, 'IDA FITRIANI PUSPITASARI', 'D-III T. Telekomunikasi', 2020, '2031130056', 'belum'),
(531, 'REHAN GEMA PERDANA', 'D-III T. Telekomunikasi', 2020, '2031130047', 'belum'),
(530, 'ALVINDHA WAHYU FREADYANSYAH', 'D-III T. Telekomunikasi', 2020, '2031130024', 'belum'),
(529, 'MUHAMMAD SYAIFUDDIN', 'D-III T. Telekomunikasi', 2020, '2031130022', 'belum'),
(527, 'NIKMAH AZIZAHTUN FITRIYAH', 'D-III T. Telekomunikasi', 2020, '2031130028', 'belum'),
(528, 'LATIEF AULIA RACHMAN', 'D-III T. Telekomunikasi', 2020, '2031130030', 'belum'),
(526, 'FADHILLA SUBIAKTO', 'D-III T. Telekomunikasi', 2020, '2031130012', 'belum'),
(525, 'AFIF NURDIANSYAH', 'D-III T. Pertambangan', 2020, '2031340035', 'sudah'),
(523, 'MUHAMMAD RAFI RASYFILLAH', 'D-III T. Pertambangan', 2020, '2031340009', 'belum'),
(524, 'UUN DELIA FATIKASARI', 'D-III T. Pertambangan', 2020, '2031340028', 'sudah'),
(522, 'KOMANG ANNUR PUJO PANGESTU', 'D-III T. Sipil', 2020, '2031310059', 'belum'),
(521, 'PRAYOGI CAHYO PUTRA', 'D-III T. Sipil', 2020, '2031310039', 'sudah'),
(520, 'TATMA\'INUL KULUB', 'D-III T. Sipil', 2020, '2031310043', 'sudah'),
(518, 'SOFIA NISRIINAA FIRDAUSHA', 'D-III T. Sipil', 2020, '2031310051', 'belum'),
(519, 'KUSUMA DWI AMBARWATI', 'D-III T. Sipil', 2020, '2031310035', 'sudah'),
(517, 'FEVERNOVA RAMDHAN HIDAYATULLAH', 'D-III T. Sipil', 2020, '2031310034', 'belum'),
(515, 'AHMAD SHOIM AFINUDIN', 'D-III T. Sipil', 2020, '2031310002', 'belum'),
(516, 'DWI FIKQI FAHLEVI', 'D-III T. Sipil', 2020, '2031310017', 'belum'),
(514, 'NITA YULIANA', 'D-III T. Sipil', 2020, '2031310009', 'sudah'),
(513, 'MIFTAHUL ZANNAH', 'D-III T. Sipil', 2020, '2031310001', 'belum'),
(512, 'DYNY ARYA SAPUTRI', 'D-III T. Sipil', 2020, '2031310003', 'belum'),
(511, 'SYAHRUL A\'DOM', 'D-III T. Sipil', 2020, '2031310021', 'belum'),
(510, 'ALFICO BAGUS PRAMUDYA', 'D-III T. Sipil', 2020, '2031310014', 'belum'),
(509, 'FATHURROHMAN', 'D-III T. Sipil', 2020, '2031310012', 'belum'),
(508, 'RIVKY IZZUL HARRITS', 'D-III T. Mesin', 2020, '2031210127', 'belum'),
(507, 'HARIS HIBALUL DWI NUR MUHAMMAD', 'D-III T. Mesin', 2020, '2031210089', 'belum'),
(506, 'MUHAMMAD YANHA MIFTAHUL HUDA', 'D-III T. Mesin', 2020, '2031210091', 'belum'),
(505, 'DHIMAS SAKTI ANUGRAH', 'D-III T. Mesin', 2020, '2031210097', 'belum'),
(504, 'YULIAN SUDARISMAN', 'D-III T. Mesin', 2020, '2031210077', 'sudah'),
(502, 'DHIMAS RATNANTO', 'D-III T. Mesin', 2020, '2031210107', 'belum'),
(503, 'MUHAMMAD NURIL ANWAR', 'D-III T. Mesin', 2020, '2031210125', 'belum'),
(500, 'M. KHOIRI', 'D-III T. Mesin', 2020, '2031210106', 'belum'),
(501, 'BAYU NUR ALAM', 'D-III T. Mesin', 2020, '2031210093', 'belum'),
(499, 'CHOIRUL PUTRA SEPTIAN', 'D-III T. Mesin', 2020, '2031210004', 'belum'),
(498, 'MUHAMMAD JAMALUDDIN FAHMI', 'D-III T. Mesin', 2020, '2031210023', 'belum'),
(497, 'MUHAMMAD YUSUF MAULIDI', 'D-III T. Mesin', 2020, '2031210035', 'belum'),
(496, 'AHMAD SYAIFUDIN', 'D-III T. Mesin', 2020, '2031210030', 'belum'),
(495, 'LUDI DWI ISWANTORO', 'D-III T. Mesin', 2020, '2031210009', 'sudah'),
(493, 'WISNU ARDIAN', 'D-III T. Mesin', 2020, '2031210017', 'belum'),
(494, 'FANNY EKA IFANDRA', 'D-III T. Mesin', 2020, '2031210041', 'belum'),
(492, 'ABDAN ZAED NASRULLOH', 'D-III T. Mesin', 2020, '2031210028', 'belum'),
(491, 'AGUNG PUNJAWAN', 'D-III T. Mesin', 2020, '2031210038', 'belum'),
(490, 'MOCHAMAD SADDAM FITRAWAN', 'D-III T. Mesin', 2020, '2031210029', 'belum'),
(488, 'AZWAR HUBAB ASYIFA\'A', 'D-III T. Mesin', 2020, '2031210019', 'belum'),
(489, 'LUTFI ALFAN KHOZAAIN', 'D-III T. Mesin', 2020, '2031210027', 'belum'),
(487, 'MOH. RUDY ADE PERDYANTO', 'D-III T. Mesin', 2020, '2031210057', 'belum'),
(486, 'FERRY DWI STYAWAN', 'D-III T. Mesin', 2020, '2031210031', 'belum'),
(484, 'MOCH. NUR ROCHMAN', 'D-III T. Listrik', 2020, '2031120066', 'belum'),
(485, 'DICKY RAHMAN', 'D-III T. Listrik', 2020, '2031120060', 'belum'),
(483, 'DIMAS IKHWANSYAH', 'D-III T. Listrik', 2020, '2031120080', 'belum'),
(482, 'IMAN MAULANA SIMANJUNTAK', 'D-III T. Listrik', 2020, '2031120077', 'belum'),
(481, 'MOCH. RIZAL KURNIA PUTRA', 'D-III T. Listrik', 2020, '2031120058', 'belum'),
(480, 'DZAKY MUSTOFA', 'D-III T. Listrik', 2020, '2031120055', 'belum'),
(479, 'PURNAMA ADI PUTRA', 'D-III T. Listrik', 2020, '2031120034', 'belum'),
(478, 'DEA RIZKI WULAN OKTAFIA', 'D-III T. Listrik', 2020, '2031120069', 'belum'),
(477, 'TRIYOKO', 'D-III T. Listrik', 2020, '2031120042', 'belum'),
(476, 'MUTIARA ANIS SHOLEHA', 'D-III T. Listrik', 2020, '2031120056', 'belum'),
(475, 'RIFQI LUTFI NUR FUADI', 'D-III T. Listrik', 2020, '2031120062', 'belum'),
(474, 'MUHAMMAD CATUR RACHMAN', 'D-III T. Listrik', 2020, '2031120037', 'belum'),
(473, 'FITRI RIZQIYAH AL WAHYUNI', 'D-III T. Listrik', 2020, '2031120079', 'belum'),
(472, 'REHAN ILYAS RIFAI', 'D-III T. Listrik', 2020, '2031120072', 'sudah'),
(471, 'NUR ALFIRAHMAH', 'D-III T. Listrik', 2020, '2031120078', 'belum'),
(470, 'ANTON MAULIDI', 'D-III T. Listrik', 2020, '2031120029', 'belum'),
(469, 'GALANG PUTRA FAUZI', 'D-III T. Listrik', 2020, '2031120014', 'belum'),
(468, 'ARIF ANDRIANTO', 'D-III T. Listrik', 2020, '2031120020', 'belum'),
(467, 'MALIK BIN DINAR', 'D-III T. Listrik', 2020, '2031120026', 'belum'),
(465, 'MAYA PUSPITA SARI', 'D-III T. Listrik', 2020, '2031120015', 'belum'),
(466, 'VIDIASIH', 'D-III T. Listrik', 2020, '2031120001', 'belum'),
(464, 'MOCHAMAD FATKUR ROZI', 'D-III T. Listrik', 2020, '2031120018', 'belum'),
(462, 'RIA TARIZA', 'D-III T. Kimia', 2020, '2031410098', 'belum'),
(463, 'FITRI HIDAYATUL CHOMARIYAH', 'D-III T. Kimia', 2020, '2031410101', 'belum'),
(460, 'CHINTA PARAMITA NUGRAHINI', 'D-III T. Kimia', 2020, '2031410051', 'belum'),
(461, 'KHILWI MAULA ANNURIYAH', 'D-III T. Kimia', 2020, '2031410065', 'belum'),
(459, 'NADIA RAHMA PUTRI', 'D-III T. Kimia', 2020, '2031410089', 'belum'),
(458, 'ISMI ATUL HIDAYAH', 'D-III T. Kimia', 2020, '2031410048', 'belum'),
(456, 'RIZKI TRI RAHMAWALDI', 'D-III T. Kimia', 2020, '2031410083', 'belum'),
(457, 'ERIKA PUTRI PUSPITA SARI', 'D-III T. Kimia', 2020, '2031410066', 'belum'),
(454, 'SHOPIA DWI RAHAYU', 'D-III T. Kimia', 2020, '2031410061', 'sudah'),
(455, 'YUNICHA PRASTIWI', 'D-III T. Kimia', 2020, '2031410087', 'belum'),
(453, 'MOHAMMAD HARIS AFRIMANSYAH', 'D-III T. Kimia', 2020, '2031410084', 'belum'),
(451, 'LAILATUS SA ADAH', 'D-III T. Kimia', 2020, '2031410085', 'belum'),
(452, 'RIZKI KURNIA ARI PRADINA', 'D-III T. Kimia', 2020, '2031410045', 'belum'),
(450, 'NOVIA LAILATUL LASARI', 'D-III T. Kimia', 2020, '2031410078', 'belum'),
(448, 'DWI AINUR ROHMAH', 'D-III T. Kimia', 2020, '2031410060', 'belum'),
(449, 'SURYA RENDI PRADANA', 'D-III T. Kimia', 2020, '2031410054', 'belum'),
(447, 'JIHAN NUR SALSABILA', 'D-III T. Kimia', 2020, '2031410082', 'belum'),
(446, 'NAILAH RO\'FAH', 'D-III T. Kimia', 2020, '2031410080', 'belum'),
(444, 'LUSI ANGGRAENI', 'D-III T. Kimia', 2020, '2031410018', 'belum'),
(445, 'MY NOVITASARI', 'D-III T. Kimia', 2020, '2031410035', 'belum'),
(443, 'PADMA WIDYANINGRUM', 'D-III T. Kimia', 2020, '2031410023', 'belum'),
(442, 'MARGARETA ANTRA DEVI', 'D-III T. Kimia', 2020, '2031410013', 'belum'),
(441, 'DEVI RATNASARI', 'D-III T. Kimia', 2020, '2031410032', 'belum'),
(440, 'DIVA MAHARANI BASUKI', 'D-III T. Kimia', 2020, '2031410031', 'belum'),
(439, 'ISMA IRMAWATI', 'D-III T. Kimia', 2020, '2031410022', 'belum'),
(438, 'ALISA FEBRIANA CAHYANI', 'D-III T. Kimia', 2020, '2031410040', 'belum'),
(437, 'SEVIRA HERLI KARINA', 'D-III T. Kimia', 2020, '2031410104', 'belum'),
(436, 'WILDANI FIRDAUS', 'D-III T. Elektronika', 2020, '2031110117', 'belum'),
(435, 'ANANDA MEGANTARI PUTRI SARI', 'D-III T. Elektronika', 2020, '2031110056', 'belum'),
(434, 'SLAMET EFENDI', 'D-III T. Elektronika', 2020, '2031110077', 'belum'),
(433, 'PITA SINONDANG HUTABARAT', 'D-III T. Elektronika', 2020, '2031110064', 'belum'),
(432, 'MUHAMMAD FANE ALAMSYAH', 'D-III T. Elektronika', 2020, '2031110062', 'belum'),
(431, 'RAMADHAN DWI AL COORLIS', 'D-III T. Elektronika', 2020, '2031110047', 'belum'),
(430, 'YAHYA AL FARIZ', 'D-III T. Elektronika', 2020, '2031110045', 'belum'),
(429, 'AIDA AMALIA DEVINDA', 'D-III T. Elektronika', 2020, '2031110072', 'belum'),
(428, 'LILIA VINDIA LOKA', 'D-III T. Elektronika', 2020, '2031110085', 'belum'),
(427, 'FEBRIAN AKBAR HABIBI', 'D-III T. Elektronika', 2020, '2031110065', 'belum'),
(426, 'MOHAMMAD RIFKI YASYA', 'D-III T. Elektronika', 2020, '2031110069', 'belum'),
(425, 'RAEL FAJAR TRIYUDHA', 'D-III T. Elektronika', 2020, '2031110080', 'belum'),
(424, 'DEWI AGUSTIANA WULANDARI', 'D-III T. Elektronika', 2020, '2031110061', 'belum'),
(422, 'DIMAS ALDY PRATAMA', 'D-III T. Elektronika', 2020, '2031110057', 'belum'),
(423, 'MIFTACHUL LATIFA', 'D-III T. Elektronika', 2020, '2031110050', 'belum'),
(421, 'RINO AROVIT', 'D-III T. Elektronika', 2020, '2031110071', 'belum'),
(420, 'HABIB ALWI', 'D-III T. Elektronika', 2020, '2031110014', 'belum'),
(418, 'WAHYU SISKA HARTIANI', 'D-III T. Elektronika', 2020, '2031110007', 'sudah'),
(419, 'MOHAMAD HARIRI MUSTHOFA', 'D-III T. Elektronika', 2020, '2031110001', 'belum'),
(417, 'IPUNG ARIFIANTO', 'D-III T. Elektronika', 2020, '2031110029', 'belum'),
(416, 'AHMAD NUR ALI', 'D-III T. Elektronika', 2020, '2031110027', 'belum'),
(415, 'MUHAMMAD RAFIF ROSYADI', 'D-III T. Elektronika', 2020, '2031110002', 'belum'),
(414, 'ACHMAD NAUVAL FIRDAUS', 'D-III T. Elektronika', 2020, '2031110010', 'belum'),
(412, 'DEDI KURNIAWAN', 'D-III T. Elektronika', 2020, '2031110006', 'belum'),
(413, 'EKA YOGA RISMAWAN', 'D-III T. Elektronika', 2020, '2031110018', 'belum'),
(411, 'FAJAR RENATA SAPUTRI', 'D-III T. Elektronika', 2020, '2031110032', 'belum'),
(409, 'SITI NURHALISA', 'D-III M. Informatika', 2020, '2031710078', 'belum'),
(410, 'HESTI WAHYUNI', 'D-III M. Informatika', 2020, '2031710144', 'belum'),
(407, 'NELLI WULANDARI', 'D-III M. Informatika', 2020, '2031710069', 'belum'),
(408, 'DEA VERNANDA RISKY NURYANTO', 'D-III M. Informatika', 2020, '2031710084', 'belum'),
(406, 'NURUL HUDA', 'D-III M. Informatika', 2020, '2031710061', 'belum'),
(1, 'NI\'MATUL HASANAH', 'TMPP', 2019, '0', 'belum'),
(2, 'YAYUK DEVIANTI', 'TKI', 2019, '0', 'belum'),
(3, 'ABDUL QODIR', 'D-IV Akuntansi Manajemen', 2019, '1942520011', 'belum'),
(4, 'MUHAMMAD ZAINUR ROZIKIN', 'D-IV Akuntansi Manajemen', 2019, '1942520017', 'belum'),
(5, 'ASTIKA PUJIARTI', 'D-IV Akuntansi Manajemen', 2019, '1942520002', 'belum'),
(6, 'ANGGUN HANDA MASYKUROH', 'D-IV Akuntansi Manajemen', 2019, '1942520015', 'belum'),
(7, 'ANANDA AMALIA RIZKI', 'D-IV Akuntansi Manajemen', 2019, '1942520007', 'belum'),
(8, 'AISYAH NUR AININA ZAELANI', 'D-IV Akuntansi Manajemen', 2019, '1942520020', 'belum'),
(9, 'ADINDA RAHMAWATI RAMADHAN', 'D-IV Akuntansi Manajemen', 2019, '1942520021', 'belum'),
(10, 'VERIZA NORMA HARVANDA', 'D-IV Akuntansi Manajemen', 2019, '1942520009', 'belum'),
(11, 'SALSABIILA', 'D-IV Akuntansi Manajemen', 2019, '1942520024', 'belum'),
(12, 'QURROTA A`YUN', 'D-IV Akuntansi Manajemen', 2019, '1942520013', 'belum'),
(13, 'QURRATU AYUNIN', 'D-IV Akuntansi Manajemen', 2019, '1942520018', 'belum'),
(14, 'NUR CHOLIFAH', 'D-IV Akuntansi Manajemen', 2019, '1942520004', 'belum'),
(15, 'NANDALIA DIAH TIARANI', 'D-IV Akuntansi Manajemen', 2019, '1942520031', 'belum'),
(16, 'NADA SHELA HAPPY PERMATAHATI', 'D-IV Akuntansi Manajemen', 2019, '1942520006', 'belum'),
(17, 'LINDA RAHMAWATI', 'D-IV Akuntansi Manajemen', 2019, '1942520001', 'belum'),
(18, 'LILIK HANDIKA', 'D-IV Akuntansi Manajemen', 2019, '1942520027', 'belum'),
(19, 'LIA FARHAINI', 'D-IV Akuntansi Manajemen', 2019, '1942520023', 'belum'),
(20, 'LAILIA RIZQI RHOMADIANI', 'D-IV Akuntansi Manajemen', 2019, '1942520016', 'sudah'),
(21, 'INDAH SUCI FATMA SARI', 'D-IV Akuntansi Manajemen', 2019, '1942520025', 'belum'),
(22, 'ILMI FIRDATUL AFIDAH', 'D-IV Akuntansi Manajemen', 2019, '1942520003', 'belum'),
(23, 'ILFI NUR DIANA', 'D-IV Akuntansi Manajemen', 2019, '1942520010', 'belum'),
(24, 'HILDA ASTRI DAMAYANTI', 'D-IV Akuntansi Manajemen', 2019, '1942520008', 'belum'),
(25, 'FARIDHATUL AZIZAH', 'D-IV Akuntansi Manajemen', 2019, '1942520012', 'belum'),
(26, 'EMERENSIANA EBTARIA ELSA ERLIANA', 'D-IV Akuntansi Manajemen', 2019, '1942520014', 'belum'),
(27, 'DZAKIYAH CIPTANING NAZIHA', 'D-IV Akuntansi Manajemen', 2019, '1942520005', 'belum'),
(28, 'AIDA FITRIA BILQISTHI', 'D-IV Akuntansi Manajemen', 2019, '1942520085', 'belum'),
(29, 'DELLA ARDISCA YUNIAR', 'D-IV Akuntansi Manajemen', 2019, '1942520080', 'belum'),
(30, 'CHABELITA APRICHILIA SUCCESYA ANGELITA HUTAGAOL', 'D-IV Akuntansi Manajemen', 2019, '1942520081', 'belum'),
(31, 'SA\'IDATUR ROSYIDAH', 'D-IV Akuntansi Manajemen', 2019, '1942520088', 'belum'),
(32, 'MA\'RIFATUS SHOLEHA', 'D-IV Akuntansi Manajemen', 2019, '1942520078', 'sudah'),
(33, 'RIZQY SRI MULYANI', 'D-IV Akuntansi Manajemen', 2019, '1942520076', 'belum'),
(34, 'EVALIA PUTRI AGUSTYA', 'D-IV Akuntansi Manajemen', 2019, '1942520090', 'belum'),
(35, 'AISHAH RAMADHAN NUZUL ISMAKH', 'D-IV Akuntansi Manajemen', 2019, '1942520082', 'belum'),
(36, 'TYAS AWIMBI', 'D-IV Akuntansi Manajemen', 2019, '1942520083', 'belum'),
(37, 'SITI NOVIA SARI', 'D-IV Akuntansi Manajemen', 2019, '1942520163', 'belum'),
(38, 'MOHAMAD NOOR ANDRYAN', 'D-IV Bahasa Inggris ', 2019, '1942820007', 'belum'),
(39, 'TSANIYATUL MUFIDAH KHOIRUNISA\'', 'D-IV Bahasa Inggris ', 2019, '1942820006', 'belum'),
(40, 'KYLA DZAHABIYYAH FASETIA', 'D-IV Bahasa Inggris ', 2019, '1942820001', 'belum');
INSERT INTO `tbl_user` (`id_user`, `nama_lengkap`, `prodi`, `angkatan`, `pin`, `status`) VALUES
(41, 'ABDUL HAMID SATRIO PINASTHIKO', 'D-IV Bahasa Inggris ', 2019, '1942820012', 'belum'),
(42, 'ELISA RIFANI', 'D-IV Bahasa Inggris ', 2019, '1942820005', 'belum'),
(43, 'GAGAWAN JAWA ANJAWANI LUHUR', 'D-IV Bahasa Inggris ', 2019, '1942820004', 'belum'),
(44, 'NILA APRILIA MUSTIKA VERNANDA', 'D-IV Bahasa Inggris ', 2019, '1942820009', 'belum'),
(45, 'FIRYAL ALVI RAMADHANI', 'D-IV Bahasa Inggris ', 2019, '1942820011', 'belum'),
(46, 'ANJUNA AMELYA', 'D-IV Bahasa Inggris ', 2019, '1942820003', 'belum'),
(47, 'INDRA ANASTARI', 'D-IV Bahasa Inggris ', 2019, '1942820008', 'belum'),
(48, 'NADIA SHEREN MAULINA', 'D-IV Bahasa Inggris ', 2019, '1942820010', 'belum'),
(49, 'AGUSTINUS HANDOYO SIPAHUTAR', 'D-IV Jaringan Telekomunikasi Digital', 2019, '1941160005', 'belum'),
(50, 'AGIL EVAN', 'D-IV Jaringan Telekomunikasi Digital', 2019, '1941160007', 'belum'),
(51, 'ABDUL JALIL', 'D-IV Jaringan Telekomunikasi Digital', 2019, '1941160003', 'belum'),
(52, 'TONI FAISAL FALAH ARIFANTO', 'D-IV Jaringan Telekomunikasi Digital', 2019, '1941160001', 'belum'),
(53, 'NUR HANAFI', 'D-IV Jaringan Telekomunikasi Digital', 2019, '1941160008', 'belum'),
(54, 'M. ALIF ALI AL-BARSYAH', 'D-IV Jaringan Telekomunikasi Digital', 2019, '1941160004', 'belum'),
(55, 'SALAMATUL HIFDIYAH', 'D-IV Jaringan Telekomunikasi Digital', 2019, '1941160002', 'belum'),
(56, 'NADIN ARIESTA AYUDYA FARDANI', 'D-IV Jaringan Telekomunikasi Digital', 2019, '1941160009', 'belum'),
(57, 'MAGFHIRAH AULADINA RATULOLI', 'D-IV Jaringan Telekomunikasi Digital', 2019, '1941160006', 'belum'),
(58, 'KAIDAH', 'D-IV Jaringan Telekomunikasi Digital', 2019, '1941160047', 'belum'),
(59, 'GALUH INDAH AGUS PRATIWI', 'D-IV Jaringan Telekomunikasi Digital', 2019, '1941160057', 'belum'),
(60, 'PRADIKA RUDY FIRMANSYAH', 'D-IV Jaringan Telekomunikasi Digital', 2019, '1941160052', 'belum'),
(61, 'DIMAS FAHRIZAL SULTHONI', 'D-IV Jaringan Telekomunikasi Digital', 2019, '1941160053', 'belum'),
(62, 'MOCHAMAD FARIZAL', 'D-IV Jaringan Telekomunikasi Digital', 2019, '1941160054', 'belum'),
(63, 'DIMAS PUTRA PANGESTU', 'D-IV Jaringan Telekomunikasi Digital', 2019, '1941160058', 'belum'),
(64, 'SYAIFUL RIJAL AZIZ', 'D-IV Jaringan Telekomunikasi Digital', 2019, '1941160056', 'belum'),
(65, 'FARREL RIZKI FADILAH', 'D-IV Jaringan Telekomunikasi Digital', 2019, '1941160055', 'belum'),
(66, 'ARSELLIANA KHOIRUN NISA CAROLIN', 'D-IV Jaringan Telekomunikasi Digital', 2019, '1941160051', 'belum'),
(67, 'YUSRIZA EKA A\'SHAR', 'D-IV Jaringan Telekomunikasi Digital', 2019, '1941160101', 'belum'),
(68, 'RIZZAL FIERDHIANSYACH PRATAMA', 'D-IV Keuangan', 2019, '1942530002', 'belum'),
(69, 'NOLDI', 'D-IV Keuangan', 2019, '1942530004', 'belum'),
(70, 'FADILLAH FAJAR PRATAMA', 'D-IV Keuangan', 2019, '1942530003', 'belum'),
(71, 'BRIGITA OMEGILIA SURYAWIJAYA', 'D-IV Keuangan', 2019, '1942530009', 'belum'),
(72, 'ADISTA PUSPITASARI', 'D-IV Keuangan', 2019, '1942530001', 'belum'),
(73, 'SHANDY NUR FITRIANI', 'D-IV Keuangan', 2019, '1942530007', 'belum'),
(74, 'NURHIDAYATI EKA SUCI', 'D-IV Keuangan', 2019, '1942530006', 'belum'),
(75, 'IRRINE FRISKA PANGANTI', 'D-IV Keuangan', 2019, '1942530010', 'belum'),
(76, 'HILDA DAMAYANTI HARIYANTO', 'D-IV Keuangan', 2019, '1942530008', 'sudah'),
(77, 'VIA FEBRIATI', 'D-IV Keuangan', 2019, '1942530045', 'belum'),
(78, 'BAGAS RAHMAD DWIKI', 'D-IV Keuangan', 2019, '1942530038', 'belum'),
(79, 'SULASTRI NINGSIH', 'D-IV Keuangan', 2019, '1942530041', 'belum'),
(80, 'RAHAYUNINGTYAS', 'D-IV Keuangan', 2019, '1942530040', 'belum'),
(81, 'AMELIA DESTIANA PUTRI', 'D-IV Keuangan', 2019, '1942530042', 'belum'),
(82, 'FIRLY ZHANNELA MAHFUZA', 'D-IV Keuangan', 2019, '1942530047', 'belum'),
(83, 'MIA R. HALOHO', 'D-IV Keuangan', 2019, '1942530048', 'belum'),
(84, 'NUR FITRI ANGGITANIA DEWI', 'D-IV Keuangan', 2019, '1942530039', 'belum'),
(85, 'MOCHAMMAD ZUBAIR ARYACHI', 'D-IV Keuangan', 2019, '1942530049', 'belum'),
(86, 'LAURA WINDANA', 'D-IV Keuangan', 2019, '1942530046', 'belum'),
(87, 'YENI AGUSTIN NOVITASARI', 'D-IV Keuangan', 2019, '1942530043', 'belum'),
(88, 'ANJU ANDI NAIBAHO', 'D-IV Keuangan', 2019, '1942530079', 'belum'),
(89, 'ABDILAH IKLASUL AMAL', 'D-IV Manajemen Pemasaran', 2019, '1942620008', 'belum'),
(90, 'WHINDYA RAHMADI MUHAMMAD', 'D-IV Manajemen Pemasaran', 2019, '1942620012', 'belum'),
(91, 'MOHAMAD ALGIFARI ZIDANE', 'D-IV Manajemen Pemasaran', 2019, '1942620002', 'belum'),
(92, 'GALANG BUANA MASRUN', 'D-IV Manajemen Pemasaran', 2019, '1942620009', 'belum'),
(93, 'DAHLIA ADIES SAKINAH', 'D-IV Manajemen Pemasaran', 2019, '1942620015', 'belum'),
(94, 'AYLA NADRATUL WIDAD', 'D-IV Manajemen Pemasaran', 2019, '1942620004', 'belum'),
(95, 'ADETIA CHORISOLEKAH', 'D-IV Manajemen Pemasaran', 2019, '1942620010', 'belum'),
(96, 'ULFARIDA', 'D-IV Manajemen Pemasaran', 2019, '1942620007', 'belum'),
(97, 'SRI UTAMI', 'D-IV Manajemen Pemasaran', 2019, '1942620016', 'belum'),
(98, 'SHINDI AINUR RIZA', 'D-IV Manajemen Pemasaran', 2019, '1942620013', 'belum'),
(99, 'SELIN ANGGI CAHYANI', 'D-IV Manajemen Pemasaran', 2019, '1942620001', 'belum'),
(100, 'RIZKI IRA SINDI', 'D-IV Manajemen Pemasaran', 2019, '1942620005', 'belum'),
(101, 'PUJI ASTUTIK', 'D-IV Manajemen Pemasaran', 2019, '1942620014', 'belum'),
(102, 'PRADITA MARIANA DESANTY', 'D-IV Manajemen Pemasaran', 2019, '1942620018', 'belum'),
(103, 'NUR HIEDA PUTRI ANANDA', 'D-IV Manajemen Pemasaran', 2019, '1942620003', 'belum'),
(104, 'LAILIYA RAHMANATASYA', 'D-IV Manajemen Pemasaran', 2019, '1942620011', 'belum'),
(105, 'KUS INDAH ROHITS OKTAVIA', 'D-IV Manajemen Pemasaran', 2019, '1942620006', 'belum'),
(106, 'CHARISMA PUTRI PERTIWI', 'D-IV Manajemen Pemasaran', 2019, '1942620095', 'belum'),
(107, 'ALISYA TIFANY BUDIONO', 'D-IV Manajemen Pemasaran', 2019, '1942620093', 'belum'),
(108, 'ROHMATUL KHASANAH', 'D-IV Manajemen Pemasaran', 2019, '1942620084', 'belum'),
(109, 'TITA MERYNDA TRIHARDIANTI', 'D-IV Manajemen Pemasaran', 2019, '1942620091', 'belum'),
(110, 'AVIVA RESINDA PUTRI', 'D-IV Manajemen Pemasaran', 2019, '1942620097', 'belum'),
(111, 'SYAFIRA AISYA NURINDA', 'D-IV Manajemen Pemasaran', 2019, '1942620075', 'belum'),
(112, 'RIMEIZA IZDIHAR', 'D-IV Manajemen Pemasaran', 2019, '1942620104', 'belum'),
(113, 'WAHYU RAHMAWATI', 'D-IV Manajemen Pemasaran', 2019, '1942620086', 'belum'),
(114, 'ZEVANYA ANGELIE WIJAYA', 'D-IV Manajemen Pemasaran', 2019, '1942620096', 'belum'),
(115, 'RIDHA FIRDAUS', 'D-IV Manajemen Pemasaran', 2019, '1942620088', 'belum'),
(116, 'LINTANG PUTRI SYAFIRA', 'D-IV Manajemen Pemasaran', 2019, '1942620070', 'belum'),
(117, 'YUYUN NUR SAFITRI', 'D-IV Manajemen Pemasaran', 2019, '1942620085', 'belum'),
(118, 'MUHAMMAD NAUFAL AL AKBAR', 'D-IV Manajemen Pemasaran', 2019, '1942620090', 'belum'),
(119, 'LAYYA SALIS', 'D-IV Manajemen Pemasaran', 2019, '1942620094', 'belum'),
(120, 'KALIMASTURROHMAH', 'D-IV Manajemen Pemasaran', 2019, '1942620072', 'belum'),
(121, 'MELATI LAILATUL ANGGRAINI', 'D-IV Manajemen Pemasaran', 2019, '1942620089', 'belum'),
(122, 'NIKEN INTAN TAMARA', 'D-IV Manajemen Pemasaran', 2019, '1942620073', 'belum'),
(123, 'DALAYA RASULY', 'D-IV Manajemen Pemasaran', 2019, '1942620087', 'belum'),
(124, 'MAKKIYAH', 'D-IV Manajemen Pemasaran', 2019, '1942620074', 'belum'),
(125, 'AJENG PUTRI HAPSARI', 'D-IV Manajemen Pemasaran', 2019, '1942620124', 'belum'),
(126, 'CHANDRA MUKTI PRATAMA', 'D-IV Manajemen Rekayasa Konstruksi', 2019, '1941320006', 'belum'),
(127, 'ANGGI DESTIA FAHRURROZI', 'D-IV Manajemen Rekayasa Konstruksi', 2019, '1941320005', 'belum'),
(128, 'ALI RIZKY RAMADHAN SIREGAR', 'D-IV Manajemen Rekayasa Konstruksi', 2019, '1941320020', 'belum'),
(129, 'RB. MOH MUSLIM FIRDAUS', 'D-IV Manajemen Rekayasa Konstruksi', 2019, '1941320007', 'belum'),
(130, 'MUHAMMAD DWI CAHYONO', 'D-IV Manajemen Rekayasa Konstruksi', 2019, '1941320023', 'sudah'),
(131, 'DJADHUG MUSI\' ARASTY', 'D-IV Manajemen Rekayasa Konstruksi', 2019, '1941320001', 'belum'),
(132, 'YUDA NUREKSA', 'D-IV Manajemen Rekayasa Konstruksi', 2019, '1941320012', 'belum'),
(133, 'SUDARSINI', 'D-IV Manajemen Rekayasa Konstruksi', 2019, '1941320021', 'belum'),
(134, 'SINDI MEI RAHAYU', 'D-IV Manajemen Rekayasa Konstruksi', 2019, '1941320004', 'belum'),
(135, 'RISKA DWI SILFIANI', 'D-IV Manajemen Rekayasa Konstruksi', 2019, '1941320018', 'belum'),
(136, 'RATNA NOVIANTY', 'D-IV Manajemen Rekayasa Konstruksi', 2019, '1941320008', 'belum'),
(137, 'NI\'MATUL FITRI AMALIA', 'D-IV Manajemen Rekayasa Konstruksi', 2019, '1941320015', 'belum'),
(138, 'NIKITA ANGELIA FINIT', 'D-IV Manajemen Rekayasa Konstruksi', 2019, '1941320003', 'belum'),
(139, 'JUNIETA AYU WINNANDA', 'D-IV Manajemen Rekayasa Konstruksi', 2019, '1941320002', 'sudah'),
(140, 'ARIS WAHYU DARMAWAN', 'D-IV Manajemen Rekayasa Konstruksi', 2019, '1941320078', 'belum'),
(141, 'DHIMAS ALIF NUGROHO', 'D-IV Manajemen Rekayasa Konstruksi', 2019, '1941320095', 'belum'),
(142, 'ALFI ROHMAH', 'D-IV Manajemen Rekayasa Konstruksi', 2019, '1941320074', 'belum'),
(143, 'HERDIKA DIKY ANTO', 'D-IV Manajemen Rekayasa Konstruksi', 2019, '1941320084', 'belum'),
(144, 'SHINTA NURIYAH', 'D-IV Manajemen Rekayasa Konstruksi', 2019, '1941320081', 'belum'),
(145, 'FADILA NUR ROHMAH', 'D-IV Manajemen Rekayasa Konstruksi', 2019, '1941320071', 'belum'),
(146, 'IKA WAHYU ALFI SYAHRI', 'D-IV Manajemen Rekayasa Konstruksi', 2019, '1941320094', 'belum'),
(147, 'ALEKSI RACHMAD TRI BAGUS PUTRA', 'D-IV Manajemen Rekayasa Konstruksi', 2019, '1941320092', 'belum'),
(148, 'ANGGI DEAN RAHMAWATI', 'D-IV Manajemen Rekayasa Konstruksi', 2019, '1941320089', 'belum'),
(149, 'VANIA GHASANIA NUR SABRINA', 'D-IV Manajemen Rekayasa Konstruksi', 2019, '1941320073', 'belum'),
(150, 'MOHAMMAD FAHMI ABDILLAH', 'D-IV Manajemen Rekayasa Konstruksi', 2019, '1941320087', 'belum'),
(151, 'ALDIANI OLIFIA DEWAYANTI', 'D-IV Manajemen Rekayasa Konstruksi', 2019, '1941320077', 'sudah'),
(152, 'NOVIYA SAFARAH', 'D-IV Manajemen Rekayasa Konstruksi', 2019, '1941320075', 'belum'),
(153, 'ANDRIAN SEPTA FIRMANSYAH', 'D-IV Sistem Kelistrikan', 2019, '1941150002', 'belum'),
(154, 'MOCH. FAIZ BARNABASSANA', 'D-IV Sistem Kelistrikan', 2019, '1941150001', 'belum'),
(155, 'IVAN YULISTIANTO', 'D-IV Sistem Kelistrikan', 2019, '1941150011', 'belum'),
(156, 'ISMAIL SU\'UDI', 'D-IV Sistem Kelistrikan', 2019, '1941150010', 'belum'),
(157, 'WENY AYU RAHMAWATI', 'D-IV Sistem Kelistrikan', 2019, '1941150003', 'belum'),
(158, 'VATMA KRISNA VALENTIN', 'D-IV Sistem Kelistrikan', 2019, '1941150005', 'belum'),
(159, 'S. MUTHOHAROH', 'D-IV Sistem Kelistrikan', 2019, '1941150004', 'belum'),
(160, 'CHALVYN RAHMAT D', 'D-IV Sistem Kelistrikan', 2019, '1941150075', 'belum'),
(161, 'ACHMAD KAHFI ARIYANTO', 'D-IV Sistem Kelistrikan', 2019, '1941150060', 'belum'),
(162, 'RISWANDA YUANTAMA', 'D-IV Sistem Kelistrikan', 2019, '1941150055', 'belum'),
(163, 'MOHAMMAD SHOBIR FARID', 'D-IV Sistem Kelistrikan', 2019, '1941150074', 'belum'),
(164, 'ALFINA SALSABELLA RAMANDHANI', 'D-IV Sistem Kelistrikan', 2019, '1941150058', 'belum'),
(165, 'OSASALSA DILLAH ALFIANI', 'D-IV Sistem Kelistrikan', 2019, '1941150071', 'belum'),
(166, 'KEVIN AIRMANDA FAZRI', 'D-IV Sistem Kelistrikan', 2019, '1941150076', 'belum'),
(167, 'DWI WIRANTI', 'D-IV Sistem Kelistrikan', 2019, '1941150062', 'belum'),
(168, 'CHAPA ALTARIK SURYA', 'D-IV Sistem Kelistrikan', 2019, '1941150078', 'belum'),
(169, 'PRATAMA BAGUS SAPUTRO', 'D-IV Sistem Kelistrikan', 2019, '1941150068', 'belum'),
(170, 'MEILISA MARIATUL QORI`AH', 'D-IV Sistem Kelistrikan', 2019, '1941150072', 'belum'),
(171, 'RISWANDA BAGUS IMAWAN', 'D-IV Sistem Kelistrikan', 2019, '1941150073', 'belum'),
(172, 'GUSTI MUHAMMAD AGUNG PERMANA', 'D-IV Sistem Kelistrikan', 2019, '1941150057', 'belum'),
(173, 'IMAM HAMDANI', 'D-IV Sistem Kelistrikan', 2019, '1941150059', 'belum'),
(174, 'RASYIDAN BRAMASTA NURKHASYI', 'D-IV Sistem Kelistrikan', 2019, '1941150127', 'belum'),
(175, 'ALIF KOMARUDDIN', 'D-IV T. Elektronika', 2019, '1941170008', 'sudah'),
(176, 'RIZKI AFRIZAL', 'D-IV T. Elektronika', 2019, '1941170004', 'belum'),
(177, 'RAGA KUTO TRISNAWAN', 'D-IV T. Elektronika', 2019, '1941170005', 'belum'),
(178, 'PRANDA PRASETYO', 'D-IV T. Elektronika', 2019, '1941170010', 'belum'),
(179, 'NOUVAL FAHMI SAKHBANA', 'D-IV T. Elektronika', 2019, '1941170001', 'belum'),
(180, 'LIF TYANGGORO', 'D-IV T. Elektronika', 2019, '1941170007', 'belum'),
(181, 'IQBAL TAWAKAL', 'D-IV T. Elektronika', 2019, '1941170011', 'belum'),
(182, 'ANGELIA CAHYANINGRUM', 'D-IV T. Elektronika', 2019, '1941170006', 'belum'),
(183, 'ADILLA FATNUN AZ-ZAHRO', 'D-IV T. Elektronika', 2019, '1941170012', 'belum'),
(184, 'VANESSA RAMADITA ISHARI', 'D-IV T. Elektronika', 2019, '1941170013', 'belum'),
(185, 'PATTRIA DWIN CAHYAWATI', 'D-IV T. Elektronika', 2019, '1941170003', 'belum'),
(186, 'FEBBY AYU SALSABILLA', 'D-IV T. Elektronika', 2019, '1941170002', 'belum'),
(187, 'WILADHI NUR PRATIKTO', 'D-IV T. Elektronika', 2019, '1941170106', 'belum'),
(188, 'DIMAS KUKUH PRASETYO', 'D-IV T. Elektronika', 2019, '1941170056', 'belum'),
(189, 'MARTANTI AYU DEVI', 'D-IV T. Elektronika', 2019, '1941170057', 'belum'),
(190, 'ACHMAD SANUSI UMLI ASIN', 'D-IV T. Elektronika', 2019, '1941170064', 'sudah'),
(191, 'ARNI PUTRIANA', 'D-IV T. Elektronika', 2019, '1941170058', 'belum'),
(192, 'ALFIANDI AULIA RAHMADANI', 'D-IV T. Elektronika', 2019, '1941170055', 'belum'),
(193, 'RAKA DEVARA', 'D-IV T. Elektronika', 2019, '1941170063', 'belum'),
(194, 'MUHAMAD WAHYU MA\'RIFAD', 'D-IV T. Elektronika', 2019, '1941170068', 'belum'),
(195, 'AGUSTINA DWI CAHYANI', 'D-IV T. Elektronika', 2019, '1941170054', 'belum'),
(196, 'DAVID FYDO PUTRADI', 'D-IV T. Elektronika', 2019, '1941170061', 'belum'),
(197, 'DENNY RAHMAN HAKIM', 'D-IV T. Elektronika', 2019, '1941170067', 'belum'),
(198, 'FATIMATUZ ZAHRO', 'D-IV T. Elektronika', 2019, '1941170060', 'sudah'),
(199, 'MOCH REVY ALFARIDZY', 'D-IV T. Elektronika', 2019, '1941170065', 'belum'),
(200, 'DANDI AGUNG SETIAWAN', 'D-IV T. Informatika', 2019, '1941720009', 'belum'),
(201, 'ABDUL ROHMAN', 'D-IV T. Informatika', 2019, '1941720022', 'belum'),
(202, 'YOCKI FEBRIANTO', 'D-IV T. Informatika', 2019, '1941720003', 'sudah'),
(203, 'SHELYCA SURRAYENSIH', 'D-IV T. Informatika', 2019, '1941720021', 'belum'),
(204, 'NUR SUKMA PANDAWA', 'D-IV T. Informatika', 2019, '1941720032', 'belum'),
(205, 'MUHAMMAD AUFUL KIROM', 'D-IV T. Informatika', 2019, '1941720031', 'belum'),
(206, 'MOCHAMMAD SYAIFUDDIN ZUHRI', 'D-IV T. Informatika', 2019, '1941720013', 'belum'),
(207, 'MOCHAMMAD FAJAR DARUSSALAM', 'D-IV T. Informatika', 2019, '1941720004', 'belum'),
(208, 'MOCHAMAD FARID MAULANA', 'D-IV T. Informatika', 2019, '1941720012', 'belum'),
(209, 'M. SHIVA MATAHARI YUSDA', 'D-IV T. Informatika', 2019, '1941720005', 'belum'),
(210, 'M. FAJRIN', 'D-IV T. Informatika', 2019, '1941720010', 'belum'),
(211, 'FERDY FEBRIYANTO', 'D-IV T. Informatika', 2019, '1941720007', 'belum'),
(212, 'DWITYANTHERRYS BEKTI UTOMO', 'D-IV T. Informatika', 2019, '1941720033', 'belum'),
(213, 'DITO CAHYA PRATAMA', 'D-IV T. Informatika', 2019, '1941720030', 'belum'),
(214, 'CHIKA LABITA', 'D-IV T. Informatika', 2019, '1941720018', 'belum'),
(215, 'AULA FARIDATUZ ZAHRO`', 'D-IV T. Informatika', 2019, '1941720014', 'belum'),
(216, 'ARIN KISTIA NUGRAENI', 'D-IV T. Informatika', 2019, '1941720006', 'belum'),
(217, 'ARDHANA NOVICA RIAWAN PUTRI', 'D-IV T. Informatika', 2019, '1941720001', 'belum'),
(218, 'RIZKINA HAYYUNI PUTRI', 'D-IV T. Informatika', 2019, '1941720008', 'belum'),
(219, 'RAZADE ZAYDA ZAMAN', 'D-IV T. Informatika', 2019, '1941720024', 'belum'),
(220, 'NURILLA KHOIRUN NISA\'', 'D-IV T. Informatika', 2019, '1941720011', 'belum'),
(221, 'MELISKA YAFFA IVANA', 'D-IV T. Informatika', 2019, '1941720020', 'belum'),
(222, 'IKA FATHIAH', 'D-IV T. Informatika', 2019, '1941720002', 'belum'),
(223, 'FITRI MUTIARA DEVI', 'D-IV T. Informatika', 2019, '1941720016', 'belum'),
(224, 'ERIKA AMALIA', 'D-IV T. Informatika', 2019, '1941720015', 'belum'),
(225, 'RISKA NUR SAFITRI', 'D-IV T. Informatika', 2019, '1941720073', 'belum'),
(226, 'NOVAN SANDI DWI IRAWAN', 'D-IV T. Informatika', 2019, '1941720076', 'belum'),
(227, 'ARIONO SEPTIAN JAYA', 'D-IV T. Informatika', 2019, '1941720092', 'belum'),
(228, 'ABDUR ROZAK JUNAIDI', 'D-IV T. Informatika', 2019, '1941720094', 'belum'),
(229, 'MOCH. ABIZAR DAFFA WIJDAN', 'D-IV T. Informatika', 2019, '1941720075', 'sudah'),
(230, 'FEBRIAN PRATAMA PUTRA', 'D-IV T. Informatika', 2019, '1941720095', 'belum'),
(231, 'DIMAS ZIDAN MAULANA', 'D-IV TMPP', 2019, '1941230007', 'belum'),
(232, 'DIMAS SULTANNU IKHSAN AULIA BIN CARMAN', 'D-IV TMPP', 2019, '1941230006', 'belum'),
(233, 'YUFANDA PURNAMA PUTRA', 'D-IV TMPP', 2019, '1941230010', 'belum'),
(234, 'YUDA JUNAEDI KURNIAWAN', 'D-IV TMPP', 2019, '1941230001', 'sudah'),
(235, 'MUHAMMAD DHAIFULLAH FIRDAUS', 'D-IV TMPP', 2019, '1941230008', 'belum'),
(236, 'MAKHMUDUL FIKRI', 'D-IV TMPP', 2019, '1941230009', 'belum'),
(237, 'LINGGAR TEGAR FIRLANDA', 'D-IV TMPP', 2019, '1941230003', 'belum'),
(238, 'FRANCIS ABEL PAMBUDI', 'D-IV TMPP', 2019, '1941230004', 'belum'),
(239, 'FIRMAN DWIYANTO', 'D-IV TMPP', 2019, '1941230002', 'sudah'),
(240, 'HARTIK AYU NINGSIH', 'D-IV TMPP', 2019, '1941230005', 'sudah'),
(241, 'EKA RIZKY ARDIANSYAH', 'D-IV TMPP', 2019, '1941230063', 'belum'),
(242, 'MUHAMMAD RIDHOI ROBBY ALFATH', 'D-IV TMPP', 2019, '1941230053', 'belum'),
(243, 'STEVEN MARTIN SANTOSO', 'D-IV TMPP', 2019, '1941230054', 'belum'),
(244, 'RISCHKA MOUDY PUSPITASARI', 'D-IV TMPP', 2019, '1941230060', 'belum'),
(245, 'MA\'RIFATUL SOLIHAH', 'D-IV TMPP', 2019, '1941230056', 'belum'),
(246, 'MUHAMMAD RIZQI ADISETIAWAN', 'D-IV TMPP', 2019, '1941230061', 'belum'),
(247, 'ISMI FARADILLA', 'D-IV TMPP', 2019, '1941230055', 'belum'),
(248, 'MOCHAMAD DARUL SALAM', 'D-IV TMPP', 2019, '1941230058', 'belum'),
(249, 'JUMANTARA KURNIANTO', 'D-IV TMPP', 2019, '1941230057', 'belum'),
(250, 'DWIATMIKA WIDYATAMA KUMARA', 'D-IV TMPP', 2019, '1941230050', 'belum'),
(251, 'MUHAMMAD SAMBODO ARIBOWO', 'D-IV TMPP', 2019, '1941230059', 'belum'),
(252, 'ANDRIAN PUTRA LAKSANA', 'D-IV TMPP', 2019, '1941230052', 'belum'),
(253, 'ALIF RIDLHO BUDI CAHYONO', 'D-IV TMPP', 2019, '1941230062', 'belum'),
(254, 'ARINDRIAN KURNIA RAHARJO', 'D-IV T. Otomotif Elektronik', 2019, '1941220005', 'sudah'),
(255, 'ALNANDA YUHANANDRI', 'D-IV T. Otomotif Elektronik', 2019, '1941220002', 'sudah'),
(256, 'TITHO BAFRENDY WIBOWO', 'D-IV T. Otomotif Elektronik', 2019, '1941220003', 'belum'),
(257, 'SINGGIH ADIMASTA', 'D-IV T. Otomotif Elektronik', 2019, '1941220006', 'sudah'),
(258, 'MUCHAMMAD YUSUF', 'D-IV T. Otomotif Elektronik', 2019, '1941220004', 'belum'),
(259, 'FIAN ARIF YULIANTO', 'D-IV T. Otomotif Elektronik', 2019, '1941220001', 'belum'),
(260, 'ALVATONI ACHMAD YUSUF', 'D-IV T. Otomotif Elektronik', 2019, '1941220037', 'belum'),
(261, 'FIRMAN ROHMANDHANI', 'D-IV T. Otomotif Elektronik', 2019, '1941220035', 'belum'),
(262, 'AHMAD FAISAL DWI ROHMAWAN', 'D-IV T. Otomotif Elektronik', 2019, '1941220039', 'belum'),
(263, 'AFIF MAULANA', 'D-IV T. Otomotif Elektronik', 2019, '1941220040', 'belum'),
(264, 'DIAN ANDRIANTO', 'D-IV T. Otomotif Elektronik', 2019, '1941220036', 'belum'),
(265, 'KHOIRUL KHOTIM', 'D-IV T. Otomotif Elektronik', 2019, '1941220038', 'belum'),
(266, 'ANANG ARIANTO', 'D-IV Teknologi Kimia Industri', 2019, '1941420003', 'belum'),
(267, 'ALDYN FIRSTIANO AFNAN', 'D-IV Teknologi Kimia Industri', 2019, '1941420013', 'belum'),
(268, 'WIDIANTO HELMY DHARMAWAN', 'D-IV Teknologi Kimia Industri', 2019, '1941420007', 'belum'),
(269, 'MOH. AINUR  ROFIQ', 'D-IV Teknologi Kimia Industri', 2019, '1941420009', 'belum'),
(270, 'ATHIKA AYU KAUTSAR ILAFI', 'D-IV Teknologi Kimia Industri', 2019, '1941420004', 'belum'),
(271, 'AMILATUN NUR ROKHIMAH', 'D-IV Teknologi Kimia Industri', 2019, '1941420006', 'belum'),
(272, 'SUKIMAH TULLIAH', 'D-IV Teknologi Kimia Industri', 2019, '1941420008', 'belum'),
(273, 'SRI WAHYUNI', 'D-IV Teknologi Kimia Industri', 2019, '1941420015', 'belum'),
(274, 'RODHIYAH', 'D-IV Teknologi Kimia Industri', 2019, '1941420011', 'belum'),
(275, 'POPPY PUSPA MAYA', 'D-IV Teknologi Kimia Industri', 2019, '1941420010', 'belum'),
(276, 'NISA ARTIANA', 'D-IV Teknologi Kimia Industri', 2019, '1941420002', 'belum'),
(277, 'LORENZ OCTAVIA SIMAMORA', 'D-IV Teknologi Kimia Industri', 2019, '1941420012', 'belum'),
(278, 'IMROATUL AFIFAH', 'D-IV Teknologi Kimia Industri', 2019, '1941420005', 'belum'),
(279, 'FARIDA KUSUMA WARDANI', 'D-IV Teknologi Kimia Industri', 2019, '1941420014', 'belum'),
(280, 'ADHA FIRLANA', 'D-IV Teknologi Kimia Industri', 2019, '1941420045', 'belum'),
(281, 'MIFTAHUL KARIMAH', 'D-IV Teknologi Kimia Industri', 2019, '1941420039', 'belum'),
(282, 'HARISA RISKI AMALIA', 'D-IV Teknologi Kimia Industri', 2019, '1941420050', 'belum'),
(283, 'REFRINA CHARISSADI FIRDAUS', 'D-IV Teknologi Kimia Industri', 2019, '1941420049', 'belum'),
(284, 'MOCHAMAD REZA ZULFANI', 'D-IV Teknologi Kimia Industri', 2019, '1941420040', 'belum'),
(285, 'PUTERI SEVIRA SARI', 'D-IV Teknologi Kimia Industri', 2019, '1941420046', 'belum'),
(286, 'CITRA DEVIA MAULIDIAN', 'D-IV Teknologi Kimia Industri', 2019, '1941420047', 'belum'),
(287, 'YOLANDA MARDIANA HAPSARI', 'D-IV Teknologi Kimia Industri', 2019, '1941420044', 'belum'),
(288, 'ANISA RAHMA DEWI', 'D-IV Teknologi Kimia Industri', 2019, '1941420041', 'belum'),
(289, 'MUHAMMAD NUR ABROR FALAH', 'D-IV Teknologi Kimia Industri', 2019, '1941420043', 'belum'),
(290, 'DIANA PUTRI FEBRIYANI FAJRI', 'D-IV Teknologi Kimia Industri', 2019, '1941420048', 'belum'),
(291, 'MASRUR MAULANA', 'TMPP', 2019, '0', 'belum'),
(292, 'MEYLINDA M.A', '', 2019, '0', 'belum'),
(293, 'M. FAJAR', 'TMPP', 2019, '0', 'belum'),
(294, 'YAYUK DEVIYANTI', 'D-IV Teknologi Kimia Industri', 2020, '0', 'belum'),
(295, 'LAILI LUCIA PUTRI', 'D-III Administrasi Bisnis', 2020, '2032610034', 'belum'),
(296, 'NUR AULIA SUKMAWATI', 'D-III Administrasi Bisnis', 2020, '2032610040', 'belum'),
(297, 'NANDA MAMBA\'UL HUSNA', 'D-III Administrasi Bisnis', 2020, '2032610011', 'belum'),
(298, 'WIWIN YUNITA SARI', 'D-III Administrasi Bisnis', 2020, '2032610045', 'belum'),
(299, 'DINDA DIVYA EKA SUCI', 'D-III Administrasi Bisnis', 2020, '2032610013', 'belum'),
(300, 'RIFKA RIRIANI', 'D-III Administrasi Bisnis', 2020, '2032610046', 'belum'),
(301, 'FRISCA APRILIANTINI', 'D-III Administrasi Bisnis', 2020, '2032610014', 'belum'),
(302, 'AAN NAWANG NURAHMAN', 'D-III Administrasi Bisnis', 2020, '2032610007', 'belum'),
(303, 'YUDININGTIYAS SOLIHATIN', 'D-III Administrasi Bisnis', 2020, '2032610032', 'belum'),
(304, 'ZIYANA WALIDAH', 'D-III Administrasi Bisnis', 2020, '2032610041', 'belum'),
(305, 'PRISKA FEBRIANA', 'D-III Administrasi Bisnis', 2020, '2032610017', 'belum'),
(306, 'JIHAN \'AINURROHMAH', 'D-III Administrasi Bisnis', 2020, '2032610015', 'belum'),
(307, 'RIZKA CAHYANING FAJRIN', 'D-III Administrasi Bisnis', 2020, '2032610039', 'belum'),
(308, 'TITIK', 'D-III Administrasi Bisnis', 2020, '2032610044', 'belum'),
(309, 'EGI SAPUTRI', 'D-III Administrasi Bisnis', 2020, '2032610051', 'belum'),
(310, 'ALFINA CHOIRINISA SUBCHAN', 'D-III Administrasi Bisnis', 2020, '2032610006', 'belum'),
(311, 'INDICA AZADIRACTA', 'D-III Administrasi Bisnis', 2020, '2032610005', 'belum'),
(312, 'SAFITRI', 'D-III Administrasi Bisnis', 2020, '2032610068', 'belum'),
(313, 'SYAHRANI AULIA WIJAYA S', 'D-III Administrasi Bisnis', 2020, '2032610098', 'belum'),
(314, 'KARUNIA WULANDARI', 'D-III Administrasi Bisnis', 2020, '2032610121', 'belum'),
(315, 'REZA ANASTASYA PUTRI', 'D-III Administrasi Bisnis', 2020, '2032610082', 'sudah'),
(316, 'FIRA NOVITA NUR AZIZA', 'D-III Administrasi Bisnis', 2020, '2032610127', 'sudah'),
(317, 'ENJELIA RETANTI', 'D-III Administrasi Bisnis', 2020, '2032610096', 'belum'),
(318, 'ANIATUL ROCHMAH', 'D-III Administrasi Bisnis', 2020, '2032610063', 'belum'),
(319, 'ZUYYIN DEVI SAFITRI', 'D-III Administrasi Bisnis', 2020, '2032610108', 'belum'),
(320, 'ANTIKA DWI HANDAYANI', 'D-III Administrasi Bisnis', 2020, '2032610136', 'belum'),
(321, 'ANYA LYRA SAFA CAMILA', 'D-III Administrasi Bisnis', 2020, '2032610109', 'belum'),
(322, 'PUTRI MAULIDANA ABABIL', 'D-III Administrasi Bisnis', 2020, '2032610106', 'belum'),
(323, 'MOHAMMAD DIKY HERDIANSYAH', 'D-III Administrasi Bisnis', 2020, '2032610124', 'belum'),
(324, 'ADINE ANANDA AHMADIA JAFAR', 'D-III Administrasi Bisnis', 2020, '2032610074', 'belum'),
(325, 'ARGA PRATAMA', 'D-III Administrasi Bisnis', 2020, '2032610130', 'belum'),
(326, 'TERESIA RONDANG MARIA', 'D-III Administrasi Bisnis', 2020, '2032610093', 'belum'),
(327, 'PUTRI LAILA YULITA', 'D-III Administrasi Bisnis', 2020, '2032610171', 'sudah'),
(328, 'IDA YATUL MUNAWAROH', 'D-III Administrasi Bisnis', 2020, '2032610172', 'belum'),
(329, 'AYU KARMILAH', 'D-III Akuntansi', 2020, '2032510037', 'belum'),
(330, 'NUR ANGGI WARINGGA', 'D-III Akuntansi', 2020, '2032510067', 'belum'),
(331, 'HANNI SYAMROTUL ILMI', 'D-III Akuntansi', 2020, '2032510006', 'belum'),
(332, 'SRI ASTUTIK', 'D-III Akuntansi', 2020, '2032510028', 'belum'),
(333, 'ZELA SETYANINGRUM', 'D-III Akuntansi', 2020, '2032510019', 'belum'),
(334, 'DYAH AYU TRIWULANDARI', 'D-III Akuntansi', 2020, '2032510031', 'belum'),
(335, 'MANISYA PUTRI AMELINA', 'D-III Akuntansi', 2020, '2032510030', 'sudah'),
(336, 'LAYYINATUS SIFAH', 'D-III Akuntansi', 2020, '2032510039', 'belum'),
(337, 'WULAN WANDA SARI', 'D-III Akuntansi', 2020, '2032510083', 'belum'),
(338, 'KHOIRIN AIDEKSA FALANTINO', 'D-III Akuntansi', 2020, '2032510024', 'belum'),
(339, 'FITAKHUL UMRIYAH', 'D-III Akuntansi', 2020, '2032510014', 'belum'),
(340, 'ADINDA SETYO PUTRI RIFDIANTI', 'D-III Akuntansi', 2020, '2032510070', 'belum'),
(341, 'FEBRIAN ANANTA', 'D-III Akuntansi', 2020, '2032510025', 'belum'),
(342, 'HOLIFATUL LAILIYAH', 'D-III Akuntansi', 2020, '2032510023', 'belum'),
(343, 'VITA DWI RAHMAWATI', 'D-III Akuntansi', 2020, '2032510021', 'belum'),
(344, 'YUNIA LISA WULANDARI', 'D-III Akuntansi', 2020, '2032510008', 'belum'),
(345, 'LENY MASTURA', 'D-III Akuntansi', 2020, '2032510004', 'belum'),
(346, 'CHEEROKE NABILLA AMANDA PUTRI', 'D-III Akuntansi', 2020, '2032510096', 'belum'),
(347, 'PUTRI AYU NADHIROH', 'D-III Akuntansi', 2020, '2032510130', 'belum'),
(348, 'SINTA FAJARIYAH', 'D-III Akuntansi', 2020, '2032510116', 'belum'),
(349, 'SRI RIZQIA AMELIA', 'D-III Akuntansi', 2020, '2032510102', 'belum'),
(350, 'EFI ARFIANTI', 'D-III Akuntansi', 2020, '2032510140', 'belum'),
(351, 'ERYKA PUTRI PRATIWI', 'D-III Akuntansi', 2020, '2032510117', 'belum'),
(352, 'NOVIA DEA SAVIRA', 'D-III Akuntansi', 2020, '2032510114', 'belum'),
(353, 'DEBY FEBRINASARI', 'D-III Akuntansi', 2020, '2032510103', 'belum'),
(354, 'AULIA SUKMAWATIE', 'D-III Akuntansi', 2020, '2032510101', 'belum'),
(355, 'AFIFATUL FITRIYA', 'D-III Akuntansi', 2020, '2032510225', 'belum'),
(356, 'CLARISSA PUTRI AFRISA', 'D-III Akuntansi', 2020, '2032510106', 'belum'),
(357, 'RAFIDA NAURA BAHY LUKMAN', 'D-III Akuntansi', 2020, '2032510156', 'belum'),
(358, 'AGRENATA REGINA MAHARANI', 'D-III Akuntansi', 2020, '2032510133', 'belum'),
(359, 'LUTHFIA SHOFIA ARUM', 'D-III Akuntansi', 2020, '2032510151', 'belum'),
(360, 'TRIO RAHMAD ADI PUTRA', 'D-III Akuntansi', 2020, '2032510131', 'belum'),
(361, 'DANIS YUNIAR PRAMESTI', 'D-III Akuntansi', 2020, '2032510226', 'belum'),
(362, 'RIZQIKA AISYA SHIFA', 'D-III Akuntansi', 2020, '2032510147', 'belum'),
(363, 'ROSYIDATUL \'INAYAH', 'D-III Akuntansi', 2020, '2032510138', 'belum'),
(364, 'RAHAYU CAHYANINGRUM', 'D-III Akuntansi', 2020, '2032510122', 'belum'),
(365, 'DIANA EMELIA PUTRI', 'D-III Akuntansi', 2020, '2032510120', 'belum'),
(366, 'NURUL MAULIDA', 'D-III Akuntansi', 2020, '2032510107', 'belum'),
(367, 'SITI KARLINA', 'D-III Akuntansi', 2020, '2032510139', 'belum'),
(368, 'UMMI UMAYYAH', 'D-III Bahasa Inggris', 2020, '2032810006', 'belum'),
(369, 'AZZAHRA FIRDAUSY ARIFANI', 'D-III Bahasa Inggris', 2020, '2032810002', 'belum'),
(370, 'AINUN CHUMAIROH', 'D-III Bahasa Inggris', 2020, '2032810010', 'belum'),
(371, 'ALIZA AZ-ZAHRA SALSABELLA', 'D-III Bahasa Inggris', 2020, '2032810020', 'belum'),
(372, 'LAILIATUL MAGHFIRAH', 'D-III Bahasa Inggris', 2020, '2032810032', 'belum'),
(373, 'NADIYATUL MA\'RIFAH', 'D-III Bahasa Inggris', 2020, '2032810034', 'sudah'),
(374, 'MURZAQOH NAFISATUL ULA', 'D-III Bahasa Inggris', 2020, '2032810015', 'belum'),
(375, 'YASMIN MAULIDYA NURAINI', 'D-III Bahasa Inggris', 2020, '2032810033', 'belum'),
(376, 'NOVAL JULIANTINO SYAHPUTRA', 'D-III Bahasa Inggris', 2020, '2032810022', 'belum'),
(377, 'RADYANA ARINDA RAHMADITA', 'D-III Bahasa Inggris', 2020, '2032810042', 'belum'),
(378, 'FAYZA ROSYA MAHARANI', 'D-III Bahasa Inggris', 2020, '2032810024', 'belum'),
(379, 'IZZAHTUL FATHIMAH', 'D-III Bahasa Inggris', 2020, '2032810031', 'sudah'),
(380, 'TUTIK SUNDARI WICAKSONO', 'D-III M. Informatika', 2020, '2031710047', 'belum'),
(381, 'TITA AULIA DAMAYANTI', 'D-III M. Informatika', 2020, '2031710033', 'belum'),
(382, 'EVA MONIKA SEPTIANA', 'D-III M. Informatika', 2020, '2031710017', 'belum'),
(383, 'ERINA SEVIYANTI', 'D-III M. Informatika', 2020, '2031710012', 'belum'),
(384, 'RAVIANSYAH YUDISTIRA PRATAMA', 'D-III M. Informatika', 2020, '2031710001', 'sudah'),
(385, 'TIARA ORYZA SATIVA', 'D-III M. Informatika', 2020, '2031710014', 'belum'),
(386, 'APRILIA NOOR A\'ISYAH', 'D-III M. Informatika', 2020, '2031710043', 'belum'),
(387, 'SABRINA PUTRI MAULISA', 'D-III M. Informatika', 2020, '2031710022', 'belum'),
(388, 'NOVITA SARI RAHMADANI', 'D-III M. Informatika', 2020, '2031710021', 'sudah'),
(389, 'MUHAMMAD RIZQI ARDIANSYAH', 'D-III M. Informatika', 2020, '2031710041', 'belum'),
(390, 'HANIF WIDYANTORO', 'D-III M. Informatika', 2020, '2031710039', 'belum'),
(391, 'ALIFIA SHOFA\' NABILAH', 'D-III M. Informatika', 2020, '2031710027', 'belum'),
(392, 'MELISA', 'D-III M. Informatika', 2020, '2031710025', 'belum'),
(393, 'DWI PENI NINGSIH', 'D-III M. Informatika', 2020, '2031710046', 'belum'),
(394, 'IBNU RIZAL KHUSAINI', 'D-III M. Informatika', 2020, '2031710004', 'belum'),
(395, 'ARYANDARI HANUGRAENI', 'D-III M. Informatika', 2020, '2031710016', 'belum'),
(396, 'CANDRA APRIDITA PUTRI', 'D-III M. Informatika', 2020, '2031710048', 'belum'),
(397, 'MIFTAKHUL ARIEFTA AN-NISA', 'D-III M. Informatika', 2020, '2031710050', 'sudah'),
(398, 'ALIFAH OKTA NUR WARDANI', 'D-III M. Informatika', 2020, '2031710095', 'belum'),
(399, 'ANA YUAIDA', 'D-III M. Informatika', 2020, '2031710077', 'belum'),
(400, 'PUTRI NOVIKA ARINI', 'D-III M. Informatika', 2020, '2031710067', 'belum'),
(401, 'ARIFATUN NISA', 'D-III M. Informatika', 2020, '2031710118', 'sudah'),
(402, 'MUHAMMAD SETYA BUDI PRATAMA', 'D-III M. Informatika', 2020, '2031710083', 'belum'),
(403, 'HANIEF DAFI SATRIA', 'D-III M. Informatika', 2020, '2031710070', 'belum'),
(404, 'M. SYAFNAT FU\'ANY AL ARIF', 'D-III M. Informatika', 2020, '2031710098', 'belum'),
(405, 'RATU VERONICA ELYZABETH ISLAMI', 'D-III M. Informatika', 2020, '2031710119', 'belum'),
(1549, 'DWI CANDRA PRADANA PUTRA', 'D-III Teknologi Konstruksi Jalan, Jembatan, dan Bangunan Air', 2022, '2231330033', 'sudah'),
(1550, 'TEGAR YOSI PRATAMA', 'D-III Teknologi Konstruksi Jalan, Jembatan, dan Bangunan Air', 2022, '2231330028', 'belum'),
(1551, 'MOH. DANI SETIAWAN', 'D-III Teknologi Konstruksi Jalan, Jembatan, dan Bangunan Air', 2022, '2231330027', 'belum'),
(1552, 'INDAH TRI KUSUMAWATI', 'D-III Teknologi Konstruksi Jalan, Jembatan, dan Bangunan Air', 2022, '2231330026', 'belum'),
(1553, 'SYAHNAS MAGFIROTURROHMAH', 'D-IV Akuntansi Manajemen', 2022, '2242520063', 'sudah'),
(1554, 'NURUL FATIKA SARI', 'D-IV Akuntansi Manajemen', 2022, '2242520064', 'sudah'),
(1555, 'JESIKA NUR ALFIYAH', 'D-IV Akuntansi Manajemen', 2022, '2242520059', 'sudah'),
(1556, 'DEWI SUSANTI', 'D-IV Akuntansi Manajemen', 2022, '2242520057', 'sudah'),
(1557, 'IKA PUTRI DAMAYANTI', 'D-IV Akuntansi Manajemen', 2022, '2242520061', 'sudah'),
(1558, 'ALMER FAISHAL WAFI', 'D-IV Akuntansi Manajemen', 2022, '2242520029', 'belum'),
(1559, 'SIFATUL HASANAH', 'D-IV Akuntansi Manajemen', 2022, '2242520025', 'belum'),
(1560, 'FANNY AMELIA PUTRI', 'D-IV Akuntansi Manajemen', 2022, '2242520044', 'belum'),
(1561, 'ACHMAD AZIZ Y.R', 'D-IV Akuntansi Manajemen', 2022, '2242520043', 'belum'),
(1562, 'RESVI NAVATIA', 'D-IV Akuntansi Manajemen', 2022, '2242520042', 'sudah'),
(1563, 'YUNINDA FRISQILIA', 'D-IV Akuntansi Manajemen', 2022, '2242520040', 'belum'),
(1564, 'HILDA TRI RACHMAWATI', 'D-IV Akuntansi Manajemen', 2022, '2242520039', 'sudah'),
(1565, 'CHOLIFAH ERDA RISTIANA', 'D-IV Akuntansi Manajemen', 2022, '2242520011', 'belum'),
(1566, 'SILVIANA ERISSA', 'D-IV Akuntansi Manajemen', 2022, '2242520010', 'sudah'),
(1567, 'FAUZIA RAMADHANI', 'D-IV Akuntansi Manajemen', 2022, '2242520038', 'sudah'),
(1568, 'RINDU ADELIA MARSITA DEWI', 'D-IV Akuntansi Manajemen', 2022, '2242520035', 'belum'),
(1569, 'APRILLIA MAHARANI', 'D-IV Akuntansi Manajemen', 2022, '2242520009', 'sudah'),
(1570, 'YULI TRI WAHYUNI', 'D-IV Akuntansi Manajemen', 2022, '2242520008', 'sudah'),
(1571, 'IDHA PUTRI NABILLA', 'D-IV Akuntansi Manajemen', 2022, '2242520024', 'sudah'),
(1572, 'DINA MARIANA PUTRI', 'D-IV Akuntansi Manajemen', 2022, '2242520023', 'belum'),
(1573, 'AGISTHA LILIK SEPTIANTI', 'D-IV Akuntansi Manajemen', 2022, '2242520021', 'sudah'),
(1574, 'PUTRI AGUS TIANI', 'D-IV Akuntansi Manajemen', 2022, '2242520020', 'belum'),
(1575, 'ANI ROISATUN NI\'MAH', 'D-IV Akuntansi Manajemen', 2022, '2242520033', 'sudah'),
(1576, 'ERIKA AULIA', 'D-IV Akuntansi Manajemen', 2022, '2242520031', 'sudah'),
(1577, 'MARCELIA AYU RIASWATI', 'D-IV Akuntansi Manajemen', 2022, '2242520030', 'belum'),
(1578, 'MEIDINA AYU ABELIA', 'D-IV Akuntansi Manajemen', 2022, '2242520015', 'belum'),
(1579, 'SUCI NURUR ROHMAH', 'D-IV Akuntansi Manajemen', 2022, '2242520014', 'sudah'),
(1580, 'NUR AINY MAKATITA', 'D-IV Akuntansi Manajemen', 2022, '2242520005', 'sudah'),
(1581, 'AHMAD ABDULLAH HASAN SIDDIQ', 'D-IV Akuntansi Manajemen', 2022, '2242520004', 'belum'),
(1582, 'SHAFIRA NUR RAHMAWATI', 'D-IV Akuntansi Manajemen', 2022, '2242520001', 'sudah'),
(1583, 'M NIDUM FADLI', 'D-IV Akuntansi Manajemen', 2022, '2242520163', 'belum'),
(1584, 'DITA ERLITA CAHYANI', 'D-IV Akuntansi Manajemen', 2022, '2242520160', 'belum'),
(1585, 'RISMAWATI OKTAVIA PUTRI ZYASMIN', 'D-IV Akuntansi Manajemen', 2022, '2242520158', 'sudah'),
(1586, 'DEVI SARTINI', 'D-IV Akuntansi Manajemen', 2022, '2242520156', 'sudah'),
(1587, 'DANICA ABDILLAH', 'D-IV Akuntansi Manajemen', 2022, '2242520154', 'belum'),
(1588, 'FITRI NUR AMELIYA', 'D-IV Akuntansi Manajemen', 2022, '2242520167', 'belum'),
(1589, 'MUHAMMAD ZULFA', 'D-IV Akuntansi Manajemen', 2022, '2242520150', 'belum'),
(1590, 'EKA PRAVESTA WULANDARI', 'D-IV Akuntansi Manajemen', 2022, '2242520149', 'belum'),
(1591, 'IBRAHIM EZRA JAVED', 'D-IV Akuntansi Manajemen', 2022, '2242520147', 'belum'),
(1592, 'DITA TRI YUNITA', 'D-IV Akuntansi Manajemen', 2022, '2242520144', 'sudah'),
(1593, 'FIRDA KIAH FARAMITHA', 'D-IV Akuntansi Manajemen', 2022, '2242520137', 'sudah'),
(1594, 'FEBRIANA NUR AZIZAH', 'D-IV Akuntansi Manajemen', 2022, '2242530044', 'belum'),
(1595, 'INES ISNAINI', 'D-IV Akuntansi Manajemen', 2022, '2242520133', 'sudah'),
(1596, 'ANNISA NUR JANNAH', 'D-IV Akuntansi Manajemen', 2022, '2242520068', 'belum'),
(1597, 'RISYA AMANDA PUTRI', 'D-IV Akuntansi Manajemen', 2022, '2242520132', 'sudah'),
(1598, 'REDANDY ATHALLAH WARUWU', 'D-IV Akuntansi Manajemen', 2022, '2242520130', 'sudah'),
(1599, 'SELSA LAILATUL FITRI', 'D-IV Akuntansi Manajemen', 2022, '2242520129', 'belum'),
(1600, 'LUKLUKIL MAKNUN', 'D-IV Akuntansi Manajemen', 2022, '2242520123', 'sudah'),
(1601, 'DIAH AYU ARTAMEVIA', 'D-IV Akuntansi Manajemen', 2022, '2242520122', 'sudah'),
(1602, 'NABILAH SALMAA NUR LISTYANI', 'D-IV Akuntansi Manajemen', 2022, '2242520114', 'belum'),
(1603, 'AMELIA WARDANI', 'D-IV Akuntansi Manajemen', 2022, '2242520112', 'belum'),
(1604, 'RAHMA AYU VIRLIYAH', 'D-IV Akuntansi Manajemen', 2022, '2242520111', 'belum'),
(1605, 'DIANA RENGGI YUZELA', 'D-IV Akuntansi Manajemen', 2022, '2242520110', 'belum'),
(1606, 'FITRI AMELIA', 'D-IV Akuntansi Manajemen', 2022, '2242520109', 'belum'),
(1607, 'REGITA TRI ADINDA KUSUMA', 'D-IV Akuntansi Manajemen', 2022, '2242520108', 'sudah'),
(1608, 'RIZQI FEBRIYANA', 'D-IV Akuntansi Manajemen', 2022, '2242520100', 'sudah'),
(1609, 'JESSICA EVA SEFTIANA DHEA ANANDA', 'D-IV Akuntansi Manajemen', 2022, '2242520099', 'sudah'),
(1610, 'KINANTI KURNIA PUTRI', 'D-IV Akuntansi Manajemen', 2022, '2242520098', 'sudah'),
(1611, 'ANANTA PUTRI RAMADHANI', 'D-IV Akuntansi Manajemen', 2022, '2242520096', 'belum'),
(1612, 'MITA MELANI', 'D-IV Akuntansi Manajemen', 2022, '2242520095', 'sudah'),
(1613, 'MAHYA AULIYA HASRI', 'D-IV Akuntansi Manajemen', 2022, '2242520094', 'sudah'),
(1614, 'DINDA SEFHIA WULANDARI', 'D-IV Akuntansi Manajemen', 2022, '2242520093', 'belum'),
(1615, 'MAULIDIYAH NURKUMALA ABIDIN', 'D-IV Akuntansi Manajemen', 2022, '2242520089', 'belum'),
(1616, 'HEPPY INDAH PALUPI', 'D-IV Akuntansi Manajemen', 2022, '2242520082', 'sudah'),
(1617, 'DERA LENOVITA SARI', 'D-IV Akuntansi Manajemen', 2022, '2242520081', 'belum'),
(1618, 'SERLY KATHI BEKTI', 'D-IV Akuntansi Manajemen', 2022, '2242520076', 'belum'),
(1619, 'FRIDA ELISTYANI', 'D-IV Akuntansi Manajemen', 2022, '2242520075', 'sudah'),
(1620, 'NOVIA EKA RATNASARI', 'D-IV Akuntansi Manajemen', 2022, '2242520072', 'sudah'),
(1621, 'LIA KUSNIA', 'D-IV Jaringan Telekomunikasi Digital', 2022, '2241160003', 'belum'),
(1622, 'DANANG IRSANTO', 'D-IV Jaringan Telekomunikasi Digital', 2022, '2241160002', 'sudah'),
(1623, 'SILFIA MISSERLI', 'D-IV Jaringan Telekomunikasi Digital', 2022, '2241160039', 'belum'),
(1624, 'RR. SEKAR KURNIA DAMAYANTI', 'D-IV Jaringan Telekomunikasi Digital', 2022, '2241160037', 'belum'),
(1625, 'DILLA NATALIA', 'D-IV Jaringan Telekomunikasi Digital', 2022, '2241160036', 'belum'),
(1626, 'FERRY YOGA PRATAMA', 'D-IV Jaringan Telekomunikasi Digital', 2022, '2241160034', 'belum'),
(1627, 'SULISNO', 'D-IV Jaringan Telekomunikasi Digital', 2022, '2241160031', 'belum'),
(1628, 'AGUSTIN TRI ANDINI', 'D-IV Jaringan Telekomunikasi Digital', 2022, '2241160029', 'belum'),
(1629, 'MUHAMAD DZIKRI HENDREANSYAH', 'D-IV Jaringan Telekomunikasi Digital', 2022, '2241160016', 'belum'),
(1630, 'MUHAMMAD ROIHANUDDIN GHOZALI', 'D-IV Jaringan Telekomunikasi Digital', 2022, '2241160015', 'sudah'),
(1631, 'EDO SYAH PUTRA', 'D-IV Jaringan Telekomunikasi Digital', 2022, '2241160013', 'belum'),
(1632, 'LAILATUL MUFIDAH', 'D-IV Jaringan Telekomunikasi Digital', 2022, '2241160014', 'sudah'),
(1633, 'ANDI HUSADA', 'D-IV Jaringan Telekomunikasi Digital', 2022, '2241160012', 'belum'),
(1634, 'ELLANG RAMADHAN', 'D-IV Jaringan Telekomunikasi Digital', 2022, '2241160026', 'belum'),
(1635, 'FADILLAH KRIS FEBRIYANTI', 'D-IV Jaringan Telekomunikasi Digital', 2022, '2241160007', 'belum'),
(1636, 'SITI FARIDA', 'D-IV Jaringan Telekomunikasi Digital', 2022, '2241160006', 'sudah'),
(1637, 'BILQIS SOFIANA MUNTADIROH', 'D-IV Jaringan Telekomunikasi Digital', 2022, '2241160018', 'sudah'),
(1638, 'AL IRVAN CANDRIKA EGA SAPUTRA', 'D-IV Jaringan Telekomunikasi Digital', 2022, '2241160009', 'belum'),
(1639, 'NISA NISFATUL NAFI\'AH', 'D-IV Jaringan Telekomunikasi Digital', 2022, '2241160099', 'sudah'),
(1640, 'AHMAD MAULVI IZZA ARRIZQI', 'D-IV Jaringan Telekomunikasi Digital', 2022, '2241160098', 'sudah'),
(1641, 'ACHMAD ARIF NAOVAL LAGUNA', 'D-IV Jaringan Telekomunikasi Digital', 2022, '2241160096', 'sudah'),
(1642, 'MUHAMMAD ILHAM AL MABRURI', 'D-IV Jaringan Telekomunikasi Digital', 2022, '2241160091', 'sudah'),
(1643, 'AGNES MEDIKAWATI P.E', 'D-IV Jaringan Telekomunikasi Digital', 2022, '2241160084', 'sudah'),
(1644, 'FARIZ EKA WIJAYA', 'D-IV Jaringan Telekomunikasi Digital', 2022, '2241160081', 'belum'),
(1645, 'MIFTACHUDIN ARIF HIDAYATULLOH', 'D-IV Jaringan Telekomunikasi Digital', 2022, '2241160077', 'sudah'),
(1646, 'IRFANDA JANUAR ALAKA PUTRA', 'D-IV Jaringan Telekomunikasi Digital', 2022, '2241160066', 'belum'),
(1647, 'CAESAR RISULTRA MAHTIAR RANA', 'D-IV Jaringan Telekomunikasi Digital', 2022, '2241160061', 'sudah'),
(1648, 'MUHAMMAD GUMILANG MAULIDANSYACH SUPRAPTO', 'D-IV Jaringan Telekomunikasi Digital', 2022, '2241160057', 'belum'),
(1649, 'MOHAMMAD NAJIH AUFAR', 'D-IV Jaringan Telekomunikasi Digital', 2022, '2241160051', 'belum'),
(1650, 'MUHAMMAD YUSUF AL RASYID', 'D-IV Jaringan Telekomunikasi Digital', 2022, '2241160048', 'belum'),
(1651, 'APRILLA PASKAH PANGESTU', 'D-IV Jaringan Telekomunikasi Digital', 2022, '2241160046', 'belum'),
(1652, 'IMAM DWI ARIFIN', 'D-IV Jaringan Telekomunikasi Digital', 2022, '2241160045', 'sudah'),
(1653, 'WIDIYANTI WULANDARI', 'D-IV Keuangan', 2022, '2242530001', 'sudah'),
(1654, 'ASTY DWI VINATA', 'D-IV Keuangan', 2022, '2242530003', 'belum'),
(1655, 'AULIA NADHIFATUL KARIMAH', 'D-IV Keuangan', 2022, '2242530020', 'sudah'),
(1656, 'AURA SHAFA SALSABILA', 'D-IV Keuangan', 2022, '2242530019', 'belum'),
(1657, 'ILSA AKHILA ZAHRA', 'D-IV Keuangan', 2022, '2242530016', 'sudah'),
(1658, 'TRIARA PUTRI HANDINI', 'D-IV Keuangan', 2022, '2242530008', 'belum'),
(1659, 'RIRIN RAHMAWATI', 'D-IV Keuangan', 2022, '2242530007', 'belum'),
(1660, 'FITRIANA DEWI NOVETASARI', 'D-IV Keuangan', 2022, '2242530006', 'belum'),
(1661, 'HANNA LAYZA AMALIA', 'D-IV Keuangan', 2022, '2242530014', 'belum'),
(1662, 'AMANDA INTAN NURCAHYA', 'D-IV Keuangan', 2022, '2242530013', 'sudah'),
(1663, 'GILANG RAMADAN', 'D-IV Keuangan', 2022, '2242530004', 'sudah'),
(1664, 'ELA ELEN NURAINI', 'D-IV Keuangan', 2022, '2242530005', 'belum'),
(1665, 'MAFULAROHMA YURIZKY SUGIARTO', 'D-IV Keuangan', 2022, '2242530002', 'sudah'),
(1666, 'PUTRI ANDINI KURNIASARI', 'D-IV Keuangan', 2022, '2242530053', 'belum'),
(1667, 'SITI \'AUNUN MUFIDAH', 'D-IV Keuangan', 2022, '2242530052', 'belum'),
(1668, 'MUHAMMAD BAIHAQI', 'D-IV Keuangan', 2022, '2242530050', 'sudah'),
(1669, 'MITA OKTAVIA', 'D-IV Keuangan', 2022, '2242530045', 'sudah'),
(1670, 'WULAN LISTIANI', 'D-IV Keuangan', 2022, '2242530030', 'belum'),
(1671, 'MOHAMMAD HAIQAL HARRIS', 'D-IV Manajemen Pemasaran', 2022, '2242620058', 'belum'),
(1672, 'AISAH ISTIKAROMAH', 'D-IV Manajemen Pemasaran', 2022, '2242620057', 'belum'),
(1673, 'NANDYA SHEVY MILANAFINTA', 'D-IV Manajemen Pemasaran', 2022, '2242620056', 'belum'),
(1674, 'YULIA SYAILANUL QOLBI', 'D-IV Manajemen Pemasaran', 2022, '2242620055', 'sudah'),
(1675, 'MUTIA EKA WARDANI', 'D-IV Manajemen Pemasaran', 2022, '2242620048', 'sudah'),
(1676, 'AGUSTIN MAHARDIKA', 'D-IV Manajemen Pemasaran', 2022, '2242620044', 'belum'),
(1677, 'SEPTINA SALMA INDRAYANI', 'D-IV Manajemen Pemasaran', 2022, '2242620022', 'belum'),
(1678, 'AFIFAH SEPTIANA', 'D-IV Manajemen Pemasaran', 2022, '2242620042', 'sudah'),
(1679, 'MUHAMMAD ERZHA ARIFUDDIN', 'D-IV Manajemen Pemasaran', 2022, '2242620016', 'sudah'),
(1680, 'SABRINA KINTAN AMARATAMA', 'D-IV Manajemen Pemasaran', 2022, '2242620040', 'sudah'),
(1681, 'YESY PUTRI WINARNI', 'D-IV Manajemen Pemasaran', 2022, '2242620013', 'belum'),
(1682, 'RENDI BAGUS SETIAWAN', 'D-IV Manajemen Pemasaran', 2022, '2242620038', 'belum'),
(1683, 'PUTRI ZULFA', 'D-IV Manajemen Pemasaran', 2022, '2242620037', 'belum'),
(1684, 'REPI ROSALINA', 'D-IV Manajemen Pemasaran', 2022, '2242620035', 'belum'),
(1685, 'EKA LINTANG PUTRI', 'D-IV Manajemen Pemasaran', 2022, '2242620010', 'belum'),
(1686, 'FEBY KUSUMA DEWI', 'D-IV Manajemen Pemasaran', 2022, '2242620015', 'belum'),
(1687, 'ADELLA TRISNANDA', 'D-IV Manajemen Pemasaran', 2022, '2242620011', 'sudah'),
(1688, 'NAURA NABILLA KHAIRUNNISA', 'D-IV Manajemen Pemasaran', 2022, '2242620003', 'belum'),
(1689, 'NANDA OKTAVIA IRAWATI', 'D-IV Manajemen Pemasaran', 2022, '2242620136', 'belum'),
(1690, 'MELLY DEA RAHMAWATI', 'D-IV Manajemen Pemasaran', 2022, '2242620135', 'belum'),
(1691, 'DELLA PUTRI ZALIANTI', 'D-IV Manajemen Pemasaran', 2022, '2242620133', 'belum'),
(1692, 'KHOFIFATUL KHUSNAH', 'D-IV Manajemen Pemasaran', 2022, '2242620129', 'sudah'),
(1693, 'NAOVAL NUZZULY', 'D-IV Manajemen Pemasaran', 2022, '2242620128', 'sudah'),
(1694, 'AHMAD FARHAN PRAMANA', 'D-IV Manajemen Pemasaran', 2022, '2242620127', 'sudah'),
(1695, 'ADILLA ANUGRAH PUTRI', 'D-IV Manajemen Pemasaran', 2022, '2242620125', 'belum'),
(1696, 'PRADILA MEI WIDYAWATI', 'D-IV Manajemen Pemasaran', 2022, '2242620123', 'sudah'),
(1697, 'NURIL RAHMA HAFIDA', 'D-IV Manajemen Pemasaran', 2022, '2242620122', 'sudah'),
(1698, 'VAMELLA FEBY IZZANA', 'D-IV Manajemen Pemasaran', 2022, '2242620120', 'belum'),
(1699, 'RIVANI DYAH UMAMI', 'D-IV Manajemen Pemasaran', 2022, '2242620115', 'sudah'),
(1700, 'MUHAMMAD RIZKY SAPUTRA', 'D-IV Manajemen Pemasaran', 2022, '2242620113', 'belum'),
(1701, 'CHOIRUNNISA ADINDA NURAINI', 'D-IV Manajemen Pemasaran', 2022, '2242620111', 'sudah'),
(1702, 'ARETA ANNORA SAFIR', 'D-IV Manajemen Pemasaran', 2022, '2242620108', 'sudah'),
(1703, 'AURA BINTANG TIARA', 'D-IV Manajemen Pemasaran', 2022, '2242620105', 'belum'),
(1704, 'AMANDA YOGI FEBRIANITA', 'D-IV Manajemen Pemasaran', 2022, '2242620100', 'belum'),
(1705, 'EKA KURNIA RAHMAWATI', 'D-IV Manajemen Pemasaran', 2022, '2242620098', 'belum'),
(1706, 'APRILA PUSPITA ANGGRAINI', 'D-IV Manajemen Pemasaran', 2022, '2242620097', 'belum'),
(1707, 'AISYAH KARTIKA PUTRI', 'D-IV Manajemen Pemasaran', 2022, '2242620096', 'belum'),
(1708, 'AMANDA PUTRI OKTAVIA', 'D-IV Manajemen Pemasaran', 2022, '2242620089', 'belum'),
(1709, 'SYAHDITA MARLIAN HAFID', 'D-IV Manajemen Pemasaran', 2022, '2242620086', 'belum'),
(1710, 'AINUN ZAKIA', 'D-IV Manajemen Pemasaran', 2022, '2242620080', 'belum'),
(1711, 'LYRA AYU SEPHIA', 'D-IV Manajemen Pemasaran', 2022, '2242620078', 'sudah'),
(1712, 'MOCHAMAD BISMA SEKTA', 'D-IV Manajemen Pemasaran', 2022, '2242620075', 'belum'),
(1713, 'SEFIRA AULIA EVANDA', 'D-IV Manajemen Pemasaran', 2022, '2242620072', 'belum'),
(1714, 'AULIA SAFITRI', 'D-IV Manajemen Pemasaran', 2022, '2242620070', 'belum'),
(1715, 'SINTA ARDELIA', 'D-IV Manajemen Pemasaran', 2022, '2242620069', 'sudah'),
(1716, 'ISHAMMUDIN ASY\'ARI', 'D-IV Manajemen Rekayasa Konstruksi', 2022, '2241320001', 'sudah'),
(1717, 'DEA ANANDA AGUSTINA', 'D-IV Manajemen Rekayasa Konstruksi', 2022, '2241320026', 'sudah'),
(1718, 'ARYA ADITAMA', 'D-IV Manajemen Rekayasa Konstruksi', 2022, '2241320014', 'sudah'),
(1719, 'EHYAUL ULUMUDIN', 'D-IV Manajemen Rekayasa Konstruksi', 2022, '2241320022', 'belum'),
(1720, 'YUSTIKA WIDYAYANTI', 'D-IV Manajemen Rekayasa Konstruksi', 2022, '2241320012', 'belum'),
(1721, 'ILHAM BINTANG WIDYANSYAH', 'D-IV Manajemen Rekayasa Konstruksi', 2022, '2241320010', 'sudah'),
(1722, 'NANDA GITA PEBRI DIANTIKA PUTRI', 'D-IV Manajemen Rekayasa Konstruksi', 2022, '2241320007', 'sudah'),
(1723, 'INDAH PUJA SUSANTI', 'D-IV Manajemen Rekayasa Konstruksi', 2022, '2241320020', 'sudah'),
(1724, 'HAGIA DIANKHARISMA', 'D-IV Manajemen Rekayasa Konstruksi', 2022, '2241320017', 'belum'),
(1725, 'ABDULLAH GIMMASTIAR', 'D-IV Manajemen Rekayasa Konstruksi', 2022, '2241320002', 'sudah'),
(1726, 'RASYIQAH KEYSHA', 'D-IV Manajemen Rekayasa Konstruksi', 2022, '2241320015', 'sudah'),
(1727, 'SOPHIA AZ ZAHRA DEFI', 'D-IV Manajemen Rekayasa Konstruksi', 2022, '2241320066', 'sudah'),
(1728, 'MIFTAH FARIZ ATTHORIQ', 'D-IV Manajemen Rekayasa Konstruksi', 2022, '2241320064', 'belum'),
(1729, 'NUR FADILA ANGGITA PUTRI', 'D-IV Manajemen Rekayasa Konstruksi', 2022, '2241320063', 'belum'),
(1730, 'NOVANSA TRI RAMADHANI', 'D-IV Manajemen Rekayasa Konstruksi', 2022, '2241320062', 'belum'),
(1731, 'ARDHIAN NUGROHO', 'D-IV Manajemen Rekayasa Konstruksi', 2022, '2241320061', 'belum'),
(1732, 'DINI AULIA RAMDANI', 'D-IV Manajemen Rekayasa Konstruksi', 2022, '2241320057', 'sudah'),
(1733, 'STEFANUS MERYCO CHRISTIAN', 'D-IV Manajemen Rekayasa Konstruksi', 2022, '2241320053', 'belum'),
(1734, 'NURINTA RAHMAWATI', 'D-IV Manajemen Rekayasa Konstruksi', 2022, '2241320051', 'belum'),
(1735, 'AHMAD SIBGHUL HUDA', 'D-IV Manajemen Rekayasa Konstruksi', 2022, '2241320043', 'belum'),
(1736, 'F.Z. NISA ULJANAH', 'D-IV Manajemen Rekayasa Konstruksi', 2022, '2241320040', 'sudah'),
(1737, 'RENDY DWI FEBRIAN', 'D-IV Manajemen Rekayasa Konstruksi', 2022, '2241320036', 'belum'),
(1738, 'DHIMAS ADI PERMANA', 'D-IV Manajemen Rekayasa Konstruksi', 2022, '2241320033', 'sudah'),
(1739, 'ROUDOTUL INAYAH', 'D-IV Manajemen Rekayasa Konstruksi', 2022, '2241320030', 'sudah'),
(1740, 'YUNIARTA DWI NURHAKIKI', 'D-IV Pengelolaan Arsip dan Rekaman Informasi', 2022, '2242630022', 'belum'),
(1741, 'ASURA ANANDA RAHMAT', 'D-IV Pengelolaan Arsip dan Rekaman Informasi', 2022, '2242630020', 'belum'),
(1742, 'M. ALFI NURIS SALIM', 'D-IV Pengelolaan Arsip dan Rekaman Informasi', 2022, '2242630019', 'belum'),
(1743, 'NINO ARIYANTI', 'D-IV Pengelolaan Arsip dan Rekaman Informasi', 2022, '2242630016', 'sudah'),
(1744, 'ALFINA DWI RAHMATIKA', 'D-IV Pengelolaan Arsip dan Rekaman Informasi', 2022, '2242630015', 'belum'),
(1745, 'NAFISHA ILMI AULIA', 'D-IV Pengelolaan Arsip dan Rekaman Informasi', 2022, '2242630014', 'belum'),
(1746, 'ADZ\' ZAKIA FITRIANA HAFSAH', 'D-IV Pengelolaan Arsip dan Rekaman Informasi', 2022, '2242630010', 'belum'),
(1747, 'SOFYAN NURCAHYO', 'D-IV Sistem Kelistrikan', 2022, '2241150035', 'belum'),
(1748, 'JENNY AURALIA BUDI CAHYANI', 'D-IV Sistem Kelistrikan', 2022, '2241150033', 'sudah'),
(1749, 'NADA AULIYA HAFIZHAH', 'D-IV Sistem Kelistrikan', 2022, '2241150030', 'sudah'),
(1750, 'MOHAMMAD FAIZIN ARDIANSYAH', 'D-IV Sistem Kelistrikan', 2022, '2241150029', 'belum'),
(1751, 'AHMAD JA\'FAR ALI ELFIN PRAYOGO', 'D-IV Sistem Kelistrikan', 2022, '2241150013', 'belum'),
(1752, 'NESTIN PASA PRADINA', 'D-IV Sistem Kelistrikan', 2022, '2241150027', 'sudah'),
(1753, 'AHMAD FATHIDHIYA ULHAQ', 'D-IV Sistem Kelistrikan', 2022, '2241150025', 'sudah'),
(1754, 'YULI MILHATUL MAULA', 'D-IV Sistem Kelistrikan', 2022, '2241150009', 'sudah'),
(1755, 'ABDUL AZIS', 'D-IV Sistem Kelistrikan', 2022, '2241150007', 'sudah'),
(1756, 'IKHWAN MAULANA', 'D-IV Sistem Kelistrikan', 2022, '2241150021', 'belum'),
(1757, 'UMI WAFIROH', 'D-IV Sistem Kelistrikan', 2022, '2241150019', 'belum'),
(1758, 'KHOIRUL ANAM', 'D-IV Sistem Kelistrikan', 2022, '2241150005', 'belum'),
(1759, 'LUTFI DWI PRAYOGA', 'D-IV Sistem Kelistrikan', 2022, '2241150075', 'sudah'),
(1760, 'AFIF ATHAULLAH PRANAJA', 'D-IV Sistem Kelistrikan', 2022, '2241150067', 'belum'),
(1761, 'RAHMAT HIDAYAT SETIAWAN', 'D-IV Sistem Kelistrikan', 2022, '2241150066', 'sudah'),
(1762, 'WIJANG OKDEWANGGA', 'D-IV Sistem Kelistrikan', 2022, '2241150065', 'belum'),
(1763, 'AHMAD RAFA KHADAFI', 'D-IV Sistem Kelistrikan', 2022, '2241150053', 'belum'),
(1764, 'BRILIAND AL FAURIZY', 'D-IV Sistem Kelistrikan', 2022, '2241150052', 'sudah'),
(1765, 'ELLA ANDRIKA SARI', 'D-IV Sistem Kelistrikan', 2022, '2241150051', 'belum'),
(1766, 'TEGAR ROZY PRADITIA', 'D-IV Sistem Kelistrikan', 2022, '2241150040', 'belum'),
(1767, 'MUHAMMAD SATRIO KURNIAWAN', 'D-IV Sistem Kelistrikan', 2022, '2241150037', 'belum'),
(1768, 'MASRUL PUTRA PRATAMA', 'D-IV T. Elektronika', 2022, '2241170006', 'sudah'),
(1769, 'ILHAM NUR FAJRI', 'D-IV T. Elektronika', 2022, '2241170045', 'belum');
INSERT INTO `tbl_user` (`id_user`, `nama_lengkap`, `prodi`, `angkatan`, `pin`, `status`) VALUES
(1770, 'HAKIM PUTRA PERDANA', 'D-IV T. Elektronika', 2022, '2241170044', 'belum'),
(1771, 'HERNINDIO KUSUMA ARTA PRAMUDYA', 'D-IV T. Elektronika', 2022, '2241170043', 'belum'),
(1772, 'MUHAMMAD AULIA RISKY', 'D-IV T. Elektronika', 2022, '2241170022', 'belum'),
(1773, 'MUHAMMAD RAHARDYAN PUTRA WIRAWAN', 'D-IV T. Elektronika', 2022, '2241170021', 'sudah'),
(1774, 'ARIYA PUTRA PRATAMA', 'D-IV T. Elektronika', 2022, '2241170020', 'sudah'),
(1775, 'MEIZA VANDINI HIDAYATI', 'D-IV T. Elektronika', 2022, '2241170036', 'sudah'),
(1776, 'SALMAN ABDUL HAMID', 'D-IV T. Elektronika', 2022, '2241170017', 'belum'),
(1777, 'ALFITO IHZA YUHENDRA', 'D-IV T. Elektronika', 2022, '2241170014', 'sudah'),
(1778, 'ETSAFIANI NADIFA', 'D-IV T. Elektronika', 2022, '2241170013', 'belum'),
(1779, 'MUHAMMAD ANDY SUPRAYITNO', 'D-IV T. Elektronika', 2022, '2241170031', 'sudah'),
(1780, 'ALFITO HISYAM FALSABILLA SIDIK', 'D-IV T. Elektronika', 2022, '2241170011', 'sudah'),
(1781, 'SUCI MAHARANI', 'D-IV T. Elektronika', 2022, '2241170008', 'belum'),
(1782, 'ANDRIKA AINUN YAHYA', 'D-IV T. Elektronika', 2022, '2241170027', 'belum'),
(1783, 'HELGA AYU MARCHELLINA', 'D-IV T. Elektronika', 2022, '2241170015', 'sudah'),
(1784, 'ERIC AGUS KURNIAWAN JAUHARI', 'D-IV T. Elektronika', 2022, '2241170097', 'sudah'),
(1785, 'RIFKI NOVIANDRA LESTARI', 'D-IV T. Elektronika', 2022, '2241170095', 'sudah'),
(1786, 'AYATULLAH JIBRIL AL-ARSY', 'D-IV T. Elektronika', 2022, '2241170092', 'belum'),
(1787, 'MIRANDA YULIANA', 'D-IV T. Elektronika', 2022, '2241170086', 'sudah'),
(1788, 'MUHAMMAD ARIQ HABIBIE', 'D-IV T. Elektronika', 2022, '2241170084', 'belum'),
(1789, 'NATAN OKTAVIANTO', 'D-IV T. Elektronika', 2022, '2241170076', 'belum'),
(1790, 'DIANISA` TRI RAHMANI', 'D-IV T. Elektronika', 2022, '2241170071', 'sudah'),
(1791, 'FILBERT AKBAR WICAKSONO', 'D-IV T. Elektronika', 2022, '2241170068', 'belum'),
(1792, 'FAHRIZA BASYARUN AHSAN', 'D-IV T. Elektronika', 2022, '2241170062', 'sudah'),
(1793, 'SYAFA FELISA PRASTIKA NINGTYAS', 'D-IV T. Elektronika', 2022, '2241170054', 'sudah'),
(1794, 'MITHA NOVITANINGSIH', 'D-IV T. Elektronika', 2022, '2241170050', 'belum'),
(1795, 'PRIMA DIONANDA MARIS', 'D-IV T. Elektronika', 2022, '2241170049', 'sudah'),
(1796, 'RIAN ALFARIZI', 'D-IV T. Elektronika', 2022, '2241170048', 'belum'),
(1797, 'NURHIDAYATH', 'D-IV T. Elektronika', 2022, '2241170110', 'belum'),
(1798, 'MUHAMAD ANANG ABDULLAH FAQIH', 'D-IV T. Informatika', 2022, '2241720070', 'sudah'),
(1799, 'NGABDUL ISHAQUL MUBIN', 'D-IV T. Informatika', 2022, '2241720066', 'belum'),
(1800, 'YAYUN ELDINA', 'D-IV T. Informatika', 2022, '2241720065', 'belum'),
(1801, 'MUHAMMAD IRFAN', 'D-IV T. Informatika', 2022, '2241720064', 'belum'),
(1802, 'YUNILA PUTMASARI', 'D-IV T. Informatika', 2022, '2241720062', 'sudah'),
(1803, 'DELA FARAHITA ZAIN', 'D-IV T. Informatika', 2022, '2241720058', 'sudah'),
(1804, 'RISKA KURNIA TRIWULANDARI', 'D-IV T. Informatika', 2022, '2241720039', 'belum'),
(1805, 'M. ROFIQ AULIA', 'D-IV T. Informatika', 2022, '2241720038', 'sudah'),
(1806, 'PUTRI NORCHASANA', 'D-IV T. Informatika', 2022, '2241720036', 'sudah'),
(1807, 'THORIQ FATHURROZI', 'D-IV T. Informatika', 2022, '2241720052', 'belum'),
(1808, 'ELIS NURHIDAYATI', 'D-IV T. Informatika', 2022, '2241720035', 'belum'),
(1809, 'CINTHYA ACHWATUL IFNU', 'D-IV T. Informatika', 2022, '2241720051', 'sudah'),
(1810, 'CYNDU FATHUR ROHMAN', 'D-IV T. Informatika', 2022, '2241720068', 'sudah'),
(1811, 'NAFI\'UL ALAM DARY VEGA', 'D-IV T. Informatika', 2022, '2241720048', 'belum'),
(1812, 'AULIA FIRDA SYAFIRA', 'D-IV T. Informatika', 2022, '2241720047', 'sudah'),
(1813, 'CINDY VIRA SAFITRI', 'D-IV T. Informatika', 2022, '2241720046', 'sudah'),
(1814, 'MUHAMMAD KEMAL NUGRAHA', 'D-IV T. Informatika', 2022, '2241720044', 'sudah'),
(1815, 'ABID GYMNASTIAR ALFIANSYAH', 'D-IV T. Informatika', 2022, '2241720043', 'sudah'),
(1816, 'RIZKY ARIFIANSYAH', 'D-IV T. Informatika', 2022, '2241720040', 'sudah'),
(1817, 'FANESABHIRAWANING SULISTYO', 'D-IV T. Informatika', 2022, '2241720027', 'belum'),
(1818, 'SOFISUGIHARTO ZAINI', 'D-IV T. Informatika', 2022, '2241720026', 'belum'),
(1819, 'ALIFIA BILQI FIRAJULKHA', 'D-IV T. Informatika', 2022, '2241720024', 'sudah'),
(1820, 'MUHAMMAD NURUL MUSTOFA', 'D-IV T. Informatika', 2022, '2241720022', 'belum'),
(1821, 'SYAHRUL BHUDI FERDIANSYAH', 'D-IV T. Informatika', 2022, '2241720167', 'belum'),
(1822, 'MOHAMMAD ALIMUL ADIN PRAMONO', 'D-IV T. Informatika', 2022, '2241720164', 'belum'),
(1823, 'RHANILHAM FADLILLATUL RAMADHAN', 'D-IV T. Informatika', 2022, '2241720161', 'sudah'),
(1824, 'WAHYU HIDAYAT', 'D-IV T. Informatika', 2022, '2241720152', 'belum'),
(1825, 'MOHAMAD FIKRY ALJUFRY', 'D-IV T. Informatika', 2022, '2241720141', 'sudah'),
(1826, 'REGITA DELYA PUTRI', 'D-IV T. Informatika', 2022, '2241720137', 'belum'),
(1827, 'BYAN NUR CAHYO', 'D-IV T. Informatika', 2022, '2241720134', 'belum'),
(1828, 'MULKI HAKIM', 'D-IV T. Informatika', 2022, '2241720131', 'belum'),
(1829, 'HANIFAH AMANY', 'D-IV T. Informatika', 2022, '2241720127', 'sudah'),
(1830, 'AVICENNA MUMTAZA', 'D-IV T. Informatika', 2022, '2241720112', 'belum'),
(1831, 'EKA KRISNA FERIAN', 'D-IV T. Informatika', 2022, '2241720100', 'sudah'),
(1832, 'ANA BELLATUS MUSTAQFIRO', 'D-IV T. Informatika', 2022, '2241720095', 'sudah'),
(1833, 'ABDUL AZIZ', 'D-IV T. Informatika', 2022, '2241720088', 'sudah'),
(1834, 'FAJAR BAYU KUSUMA', 'D-IV T. Informatika', 2022, '2241720085', 'sudah'),
(1835, 'M. RIZAL SYAHRUL AULA', 'D-IV T. Mesin Produksi Dan Perawatan', 2022, '2241230002', 'sudah'),
(1836, 'M.FATCHUL MUFID', 'D-IV T. Mesin Produksi Dan Perawatan', 2022, '2241230029', 'belum'),
(1837, 'DWI FERIANTO', 'D-IV T. Mesin Produksi Dan Perawatan', 2022, '2241230023', 'sudah'),
(1838, 'MUHAMMAD ALVIN FATTAHUDIN', 'D-IV T. Mesin Produksi Dan Perawatan', 2022, '2241230010', 'belum'),
(1839, 'CANDRA PUTRA AFANDI', 'D-IV T. Mesin Produksi Dan Perawatan', 2022, '2241230021', 'sudah'),
(1840, 'MUHAMMAD ABDUL AZIZ', 'D-IV T. Mesin Produksi Dan Perawatan', 2022, '2241230009', 'sudah'),
(1841, 'VENUS LINGGAR PRIBUMI', 'D-IV T. Mesin Produksi Dan Perawatan', 2022, '2241230028', 'belum'),
(1842, 'JUNAIDI', 'D-IV T. Mesin Produksi Dan Perawatan', 2022, '2241230015', 'sudah'),
(1843, 'ARIF WIBISONO', 'D-IV T. Mesin Produksi Dan Perawatan', 2022, '2241230013', 'belum'),
(1844, 'BRYAN BERNANDO', 'D-IV T. Mesin Produksi Dan Perawatan', 2022, '2241230082', 'belum'),
(1845, 'RAYHAN ILHAM WIDYANTAMA', 'D-IV T. Mesin Produksi Dan Perawatan', 2022, '2241230081', 'sudah'),
(1846, 'PUTRI WAHYUNINGTIYAS', 'D-IV T. Mesin Produksi Dan Perawatan', 2022, '2241230070', 'belum'),
(1847, 'DHEA SEPTA RISTIANA', 'D-IV T. Mesin Produksi Dan Perawatan', 2022, '2241230061', 'sudah'),
(1848, 'DENI PRASETYO', 'D-IV T. Mesin Produksi Dan Perawatan', 2022, '2241230059', 'sudah'),
(1849, 'RESTU AJI PUTRO PAMUNGKAS', 'D-IV T. Mesin Produksi Dan Perawatan', 2022, '2241230057', 'sudah'),
(1850, 'DAMAR PANDU BUANA', 'D-IV T. Mesin Produksi Dan Perawatan', 2022, '2241230054', 'sudah'),
(1851, 'MOCHAMAD TOSSA ROJABI', 'D-IV T. Mesin Produksi Dan Perawatan', 2022, '2241230051', 'sudah'),
(1852, 'ACHMAD RAIHAN FAJAR PRATAMA', 'D-IV T. Mesin Produksi Dan Perawatan', 2022, '2241230046', 'sudah'),
(1853, 'RACHMADHANA DJULYANTO', 'D-IV T. Mesin Produksi Dan Perawatan', 2022, '2241230044', 'sudah'),
(1854, 'MUHAMAD HIKMAL SIBASTIAN', 'D-IV T. Otomotif Elektronik', 2022, '2241220024', 'belum'),
(1855, 'BAGUS GILANG RAHMAD DHANI', 'D-IV T. Otomotif Elektronik', 2022, '2241220023', 'belum'),
(1856, 'MOCH.SYAHRIL FIRMANSYAH', 'D-IV T. Otomotif Elektronik', 2022, '2241220022', 'belum'),
(1857, 'MOH. IMAM WAHYUDI', 'D-IV T. Otomotif Elektronik', 2022, '2241220017', 'sudah'),
(1858, 'REYNALDI RIZKY RAMADANI', 'D-IV T. Otomotif Elektronik', 2022, '2241220016', 'belum'),
(1859, 'DAVA PUTRA RAMADHAN', 'D-IV T. Otomotif Elektronik', 2022, '2241220002', 'belum'),
(1860, 'MUHAMMAD ABDURROSYID SIHABBUDIN', 'D-IV T. Otomotif Elektronik', 2022, '2241220001', 'belum'),
(1861, 'MOCH. NAZARUDIN ASSAMSY', 'D-IV T. Otomotif Elektronik', 2022, '2241220062', 'belum'),
(1862, 'GHUFRON IHSANUL LUTFI', 'D-IV T. Otomotif Elektronik', 2022, '2241220061', 'belum'),
(1863, 'AGUS DWI ALFANDI', 'D-IV T. Otomotif Elektronik', 2022, '2241220051', 'sudah'),
(1864, 'SUKO LAKSONO PAMBUDI', 'D-IV T. Otomotif Elektronik', 2022, '2241220045', 'belum'),
(1865, 'MUHAMAD LUKMAN HAFID IMANI', 'D-IV T. Otomotif Elektronik', 2022, '2241220042', 'belum'),
(1866, 'HELVI PUTRA WIDANTO', 'D-IV T. Otomotif Elektronik', 2022, '2241220041', 'belum'),
(1867, 'RIZKY ROMADHON', 'D-IV T. Otomotif Elektronik', 2022, '2241220030', 'belum'),
(1868, 'DWI NUR WAHYUDI', 'D-IV T. Otomotif Elektronik', 2022, '2241220028', 'belum'),
(1869, 'RIFKY ARIE NUGROHO', 'D-IV T. Otomotif Elektronik', 2022, '2241220027', 'sudah'),
(1870, 'ILA LAILATUL KHOTIMAH', 'D-IV Teknologi Kimia Industri', 2022, '2241420031', 'belum'),
(1871, 'MUFATIN NUNIKMAH', 'D-IV Teknologi Kimia Industri', 2022, '2241420027', 'belum'),
(1872, 'KARINA TRI MULYANTI', 'D-IV Teknologi Kimia Industri', 2022, '2241420015', 'sudah'),
(1873, 'NURIZKI FITRIA RACHMA', 'D-IV Teknologi Kimia Industri', 2022, '2241420024', 'belum'),
(1874, 'M. IQBAL FAUZAN', 'D-IV Teknologi Kimia Industri', 2022, '2241420012', 'sudah'),
(1875, 'SUNESTRI INTAN NURHAYATI', 'D-IV Teknologi Kimia Industri', 2022, '2241420010', 'belum'),
(1876, 'SYABELLIA AYUNINGTYAS', 'D-IV Teknologi Kimia Industri', 2022, '2241420021', 'sudah'),
(1877, 'ILLMAA ARIFAH', 'D-IV Teknologi Kimia Industri', 2022, '2241420008', 'sudah'),
(1878, 'DEA IMAMATUL RAMADHANI', 'D-IV Teknologi Kimia Industri', 2022, '2241420007', 'sudah'),
(1879, 'ST. AROMATUL JANNAH', 'D-IV Teknologi Kimia Industri', 2022, '2241420033', 'belum'),
(1880, 'ROSE MALITHA LIVIA', 'D-IV Teknologi Kimia Industri', 2022, '2241420005', 'sudah'),
(1881, 'KHOIRIANA JESNITA NADHZIROH', 'D-IV Teknologi Kimia Industri', 2022, '2241420013', 'belum'),
(1882, 'FITRIANI WULANDARI', 'D-IV Teknologi Kimia Industri', 2022, '2241420017', 'sudah'),
(1883, 'RIRIN OKTAFIA', 'D-IV Teknologi Kimia Industri', 2022, '2241420016', 'sudah'),
(1884, 'ALSYAIDAH WAHYU NEILLA', 'D-IV Teknologi Kimia Industri', 2022, '2241420009', 'belum'),
(1885, 'RISYDA ARIFAH', 'D-IV Teknologi Kimia Industri', 2022, '2241420001', 'belum'),
(1886, 'GALANG PRAMUDANA', 'D-IV Teknologi Kimia Industri', 2022, '2241420081', 'belum'),
(1887, 'MOKHAMAD ABIYYU BILKHAQ', 'D-IV Teknologi Kimia Industri', 2022, '2241420080', 'sudah'),
(1888, 'PEFIA AL KHASANAH', 'D-IV Teknologi Kimia Industri', 2022, '2241420079', 'belum'),
(1889, 'NANDA SAPTIANA NINGRUM', 'D-IV Teknologi Kimia Industri', 2022, '2241420078', 'belum'),
(1890, 'CINDI NOVIANI', 'D-IV Teknologi Kimia Industri', 2022, '2241420076', 'belum'),
(1891, 'DELA SUKMA AYU', 'D-IV Teknologi Kimia Industri', 2022, '2241420072', 'sudah'),
(1892, 'LUTHFI AZIZAH KHOIRONI', 'D-IV Teknologi Kimia Industri', 2022, '2241420065', 'belum'),
(1893, 'SUCI TRI UTAMI', 'D-IV Teknologi Kimia Industri', 2022, '2241420062', 'belum'),
(1894, 'NUR AZIZAH', 'D-IV Teknologi Kimia Industri', 2022, '2241420061', 'sudah'),
(1895, 'NABILA PUTRI RAMADHANI', 'D-IV Teknologi Kimia Industri', 2022, '2241420059', 'belum'),
(1896, 'DININDI NASYA MIFTAHUL MAULANDIA', 'D-IV Teknologi Kimia Industri', 2022, '2241420057', 'belum'),
(1897, 'MOH.KHOLID ASSYAUQY', 'D-IV Teknologi Kimia Industri', 2022, '2241420054', 'sudah'),
(1898, 'HERDIANA', 'D-IV Teknologi Kimia Industri', 2022, '2241420050', 'sudah'),
(1899, 'TALITHA SAVA ARIFIANTI', 'D-IV Teknologi Kimia Industri', 2022, '2241420045', 'sudah'),
(1900, 'SHINTA LUWANA ELSAFIRA', 'D-IV Teknologi Kimia Industri', 2022, '2241420042', 'sudah'),
(1901, 'AYU HAPSARI SUWARDANI RATNANINGTYAS', 'D-IV Teknologi Kimia Industri', 2022, '2241420038', 'sudah'),
(1902, 'DAVID PRASETYO', 'D-IV Teknologi Rekayasa Konstruksi Jalan dan Jembatan', 2022, '2241350030', 'sudah'),
(1903, 'MOCHAMAD ULIL ABSHOR', 'D-IV Teknologi Rekayasa Konstruksi Jalan dan Jembatan', 2022, '2241350028', 'belum'),
(1904, 'DAFFA ARYADANA', 'D-IV Teknologi Rekayasa Konstruksi Jalan dan Jembatan', 2022, '2241350025', 'sudah'),
(1905, 'KRISNA AMELIA PUSPAWENNI', 'D-IV Teknologi Rekayasa Konstruksi Jalan dan Jembatan', 2022, '2241350019', 'sudah'),
(1906, 'MOCH. ADITYA PUTRA', 'D-IV Teknologi Rekayasa Konstruksi Jalan dan Jembatan', 2022, '2241350015', 'sudah'),
(1907, 'MUHAMMAD SULTHON FIRMANSYAH', 'D-IV Usaha Perjalanan Wisata', 2022, '2242840035', 'sudah'),
(1908, 'NABILA ARUM ARINI', 'D-IV Usaha Perjalanan Wisata', 2022, '2242840033', 'sudah'),
(1909, 'VANIA MELLINDA', 'D-IV Usaha Perjalanan Wisata', 2022, '2242840031', 'belum'),
(1910, 'MERYSA AMELIA PUTRI', 'D-IV Usaha Perjalanan Wisata', 2022, '2242840028', 'belum'),
(1911, 'YUSNIA ANJANG VIANY', 'D-IV Usaha Perjalanan Wisata', 2022, '2242840026', 'belum'),
(1912, 'FADILATUL QODRIYAH', 'D-IV Usaha Perjalanan Wisata', 2022, '2242840025', 'belum'),
(1913, 'AMELIA CAHYANINGTYAS', 'D-IV Usaha Perjalanan Wisata', 2022, '2242840021', 'belum'),
(1914, 'TIFFAL AFFANDI', 'D-IV Usaha Perjalanan Wisata', 2022, '2242840020', 'belum'),
(1915, 'VIVI SUSANTI', 'D-IV Usaha Perjalanan Wisata', 2022, '2242840019', 'belum'),
(1916, 'MOHAMAD HARUN AL ROSYID', 'D-IV Bahasa Inggris untuk Komunikasi Bisnis dan Profesional', 2022, '2242820022', 'sudah'),
(1917, 'ALFREDO EBTARIA OSCAR ARMANDA', 'D-IV Bahasa Inggris untuk Komunikasi Bisnis dan Profesional', 2022, '2242820012', 'sudah'),
(1918, 'M. JAGAD AURA RIZKY', 'D-IV Bahasa Inggris untuk Komunikasi Bisnis dan Profesional', 2022, '2242820061', 'sudah'),
(1919, 'NAJWAL HAMAMAH', 'D-IV Bahasa Inggris untuk Komunikasi Bisnis dan Profesional', 2022, '2242820057', 'belum'),
(1920, 'ADE RAMA PUTRA', 'D-IV Bahasa Inggris untuk Komunikasi Bisnis dan Profesional', 2022, '2242820050', 'belum'),
(1921, 'MUHAMMAD ALIF RAMADHAN', 'D-IV Bahasa Inggris untuk Komunikasi Bisnis dan Profesional', 2022, '2242820046', 'belum'),
(1922, 'CHIKA ASA WIGUNA', 'D-IV Bahasa Inggris untuk Komunikasi Bisnis dan Profesional', 2022, '2242820045', 'sudah'),
(1923, 'KHUSNUL KHOTIMAH', 'D-IV Bahasa Inggris untuk Komunikasi Bisnis dan Profesional', 2022, '2242820062', 'belum'),
(1924, 'AISYAH WALIDATUS SAADAH', 'D-IV Bahasa Inggris untuk Komunikasi Bisnis dan Profesional', 2022, '2242820043', 'sudah'),
(1925, 'ADINDA SISKA NUR MUJIATI', 'D-IV Bahasa Inggris untuk Komunikasi Bisnis dan Profesional', 2022, '2242820041', 'sudah'),
(1926, 'SAUSAN SUCI ZHAFIRA', 'D-IV Bahasa Inggris untuk Komunikasi Bisnis dan Profesional', 2022, '2242820037', 'belum'),
(1927, 'FATIMAH AZ ZAHRO\'', 'D-IV Bahasa Inggris untuk Komunikasi Bisnis dan Profesional', 2022, '2242820034', 'belum'),
(1928, 'SYALWA ROSA WANDINI', 'D-IV Bahasa Inggris untuk Komunikasi Bisnis dan Profesional', 2022, '2242820030', 'sudah'),
(1929, 'KHOIRUL HIDAYAH', 'D-IV Sistem Informasi Bisnis', 2022, '2241760021', 'sudah'),
(1930, 'SOLIKHIN', 'D-IV Sistem Informasi Bisnis', 2022, '2241760010', 'belum'),
(1931, 'LIYA NOVITASARI', 'D-IV Sistem Informasi Bisnis', 2022, '2241760006', 'sudah'),
(1932, 'FIFI NOVITASARI', 'D-IV Sistem Informasi Bisnis', 2022, '2241760035', 'belum'),
(1933, 'SANDRINA ATHALLIA DWI ANDSELMA', 'D-IV Sistem Informasi Bisnis', 2022, '2241760034', 'belum'),
(1934, 'ANDREAS GALE DWI JAYA', 'D-IV Sistem Informasi Bisnis', 2022, '2241760033', 'belum'),
(1935, 'ANAS NUR HIDAYAT', 'D-IV Sistem Informasi Bisnis', 2022, '2241760069', 'belum'),
(1936, 'ERDA ERMAWATI', 'D-IV Bahasa Inggris untuk Industri Pariwisata', 2022, '2242830009', 'sudah'),
(1937, 'NUR ANNISA RAHMADHANI', 'D-IV Bahasa Inggris untuk Industri Pariwisata', 2022, '2242830010', 'sudah'),
(1938, 'VERONICA SEPTIANA HERMAWAN', 'D-IV Bahasa Inggris untuk Industri Pariwisata', 2022, '2242830011', 'sudah'),
(1939, 'ERDA ERMAWATI', 'D-IV Bahasa Inggris untuk Industri Pariwisata', 2022, '2242830009', 'sudah'),
(1940, 'NUR ANNISA RAHMADHANI', 'D-IV Bahasa Inggris untuk Industri Pariwisata', 2022, '2242830010', 'sudah'),
(1941, 'VERONICA SEPTIANA HERMAWAN', 'D-IV Bahasa Inggris untuk Industri Pariwisata', 2022, '2242830011', 'sudah'),
(1942, 'Anggit Murdani', 'Politeknik Negeri Malang', 2022, '2022000011', 'belum'),
(1943, 'Galuh Kartiko', 'Politeknik Negeri Malang', 2022, '2022000022', 'belum'),
(1944, 'Arif Rahman Hakim', 'Politeknik Negeri Malang', 2022, '2022000033', 'belum'),
(1945, 'Ryan Yidhistira Fitrah Chandra', 'Politeknik Negeri Malang', 2022, '2022000044', 'belum');

--
-- Indexes for dumped tables
--

--
-- Indeks untuk tabel `login_detail`
--
ALTER TABLE `login_detail`
  ADD PRIMARY KEY (`id_detail`);

--
-- Indeks untuk tabel `tbl_admin`
--
ALTER TABLE `tbl_admin`
  ADD PRIMARY KEY (`id_admin`);

--
-- Indeks untuk tabel `tbl_calon`
--
ALTER TABLE `tbl_calon`
  ADD PRIMARY KEY (`id_calon`);

--
-- Indeks untuk tabel `tbl_harapan`
--
ALTER TABLE `tbl_harapan`
  ADD PRIMARY KEY (`id_harapan`),
  ADD KEY `id_calon` (`id_calon`),
  ADD KEY `id_user` (`id_user`);

--
-- Indeks untuk tabel `tbl_penampung`
--
ALTER TABLE `tbl_penampung`
  ADD PRIMARY KEY (`id_penampung`),
  ADD KEY `id_user` (`id_user`),
  ADD KEY `id_calon` (`id_calon`);

--
-- Indeks untuk tabel `tbl_tata`
--
ALTER TABLE `tbl_tata`
  ADD PRIMARY KEY (`id_tata`);

--
-- Indeks untuk tabel `tbl_user`
--
ALTER TABLE `tbl_user`
  ADD PRIMARY KEY (`id_user`);

--
-- AUTO_INCREMENT untuk tabel yang dibuang
--

--
-- AUTO_INCREMENT untuk tabel `login_detail`
--
ALTER TABLE `login_detail`
  MODIFY `id_detail` int(11) NOT NULL AUTO_INCREMENT;

--
-- AUTO_INCREMENT untuk tabel `tbl_admin`
--
ALTER TABLE `tbl_admin`
  MODIFY `id_admin` int(11) NOT NULL AUTO_INCREMENT, AUTO_INCREMENT=7;

--
-- AUTO_INCREMENT untuk tabel `tbl_calon`
--
ALTER TABLE `tbl_calon`
  MODIFY `id_calon` int(11) NOT NULL AUTO_INCREMENT, AUTO_INCREMENT=26;

--
-- AUTO_INCREMENT untuk tabel `tbl_harapan`
--
ALTER TABLE `tbl_harapan`
  MODIFY `id_harapan` int(11) NOT NULL AUTO_INCREMENT, AUTO_INCREMENT=1632;

--
-- AUTO_INCREMENT untuk tabel `tbl_penampung`
--
ALTER TABLE `tbl_penampung`
  MODIFY `id_penampung` int(11) NOT NULL AUTO_INCREMENT, AUTO_INCREMENT=1632;

--
-- AUTO_INCREMENT untuk tabel `tbl_tata`
--
ALTER TABLE `tbl_tata`
  MODIFY `id_tata` int(11) NOT NULL AUTO_INCREMENT;

--
-- AUTO_INCREMENT untuk tabel `tbl_user`
--
ALTER TABLE `tbl_user`
  MODIFY `id_user` int(11) NOT NULL AUTO_INCREMENT, AUTO_INCREMENT=1954;
COMMIT;

/*!40101 SET CHARACTER_SET_CLIENT=@OLD_CHARACTER_SET_CLIENT */;
/*!40101 SET CHARACTER_SET_RESULTS=@OLD_CHARACTER_SET_RESULTS */;
/*!40101 SET COLLATION_CONNECTION=@OLD_COLLATION_CONNECTION */;
